{"time": [-1, 1], "LAT": [20.0, 40.0], "LONG": [-175.0, -120.0], "D": [3.0, 12.0], "PMB": [-2.0, 4.0], "PML_COSB": [-5.0, 2.0], "matches": {"Pal1": [-0.06620000000000001, -0.0661, -0.066, -0.0659, -0.0658, -0.06570000000000001, -0.0656, -0.0655, -0.0654, -0.0653, -0.06520000000000001, -0.0651, -0.065, -0.0649, -0.0648, -0.06470000000000001, -0.0646, -0.0645, -0.0644, -0.0643, -0.06420000000000001, -0.0641, -0.064, -0.0639, -0.0638, -0.0637, -0.0636, -0.0635, -0.0634, -0.0633, -0.0632, -0.0631, -0.063, -0.0629, -0.0628, -0.0627, -0.0626, -0.0625, -0.0624, -0.0623, -0.0622, -0.0621, -0.062, -0.0619, -0.0618, -0.0617, -0.0616, -0.0615, -0.061399999999999996, -0.0613, -0.0612, -0.0611, -0.061, -0.060899999999999996, -0.0608, -0.0607, -0.0606, -0.0605, -0.060399999999999995, -0.0603, -0.0602, -0.0601, -0.06, -0.059899999999999995, -0.0598, -0.059699999999999996, -0.0596, -0.0595, -0.059399999999999994, -0.0593, -0.059199999999999996, -0.0591, -0.059, -0.058899999999999994, -0.0588, -0.058699999999999995, -0.0586, -0.058499999999999996, -0.058399999999999994, -0.0583, -0.058199999999999995, -0.0581, -0.057999999999999996, -0.05789999999999999, -0.0578, -0.057699999999999994, -0.0576, -0.057499999999999996, -0.05739999999999999, -0.0573, -0.057199999999999994, -0.0571, -0.056999999999999995, -0.05689999999999999, -0.056799999999999996, -0.05669999999999999, -0.0566, -0.056499999999999995, -0.05639999999999999, -0.056299999999999996, -0.05620000000000001, -0.056100000000000004, -0.05600000000000001, -0.055900000000000005, -0.0558, -0.055700000000000006, -0.055600000000000004, -0.05550000000000001, -0.055400000000000005, -0.0553, -0.055200000000000006, -0.0551, -0.05500000000000001, -0.054900000000000004, -0.0548, -0.054700000000000006, -0.0546, -0.05450000000000001, -0.054400000000000004, -0.0543, -0.054200000000000005, -0.0541, -0.054000000000000006, -0.0539, -0.0538, -0.053700000000000005, -0.0536, -0.053500000000000006, -0.0534, -0.0533, -0.053200000000000004, -0.0531, -0.053000000000000005, -0.0529, -0.0528, -0.052700000000000004, -0.0526, -0.052500000000000005, -0.0524, -0.0523, -0.0522, -0.0521, -0.052000000000000005, -0.0519, -0.0518, -0.0517, -0.0516, -0.051500000000000004, -0.0514, -0.0513, -0.0512, -0.0511, -0.051000000000000004, -0.0509, -0.0508, -0.0507, -0.0506, -0.0505, -0.0504, -0.0503, -0.0502, -0.0501, -0.05, -0.0499, -0.0498, -0.0497, -0.0496, -0.0495, -0.0494, -0.0493, -0.0492, -0.0491, -0.049, -0.0489, -0.048799999999999996, -0.0487, -0.0486, -0.0485, -0.0484, -0.048299999999999996, -0.0482, -0.0481, -0.048, -0.0479, -0.047799999999999995, -0.0477, -0.047599999999999996, -0.0475, -0.0474, -0.047299999999999995, -0.0472, -0.047099999999999996, -0.047, -0.0469, -0.0468, -0.046700000000000005, -0.0466, -0.0465, -0.046400000000000004, -0.0463, -0.046200000000000005, -0.0461, -0.046, -0.0459, -0.0458, -0.045700000000000005, -0.0456, -0.0455, -0.0454, -0.0453, -0.045200000000000004, -0.0451, -0.045, -0.0449, -0.0448, -0.044700000000000004, -0.0446, -0.0445, -0.0444, -0.0443, -0.0442, -0.0441, -0.044, -0.0439, -0.0438, -0.0437, -0.0436, -0.0435, -0.0434, -0.0433, -0.0432, -0.0431, -0.043, -0.0429, -0.0428, -0.0427, -0.0426, -0.042499999999999996, -0.0424, -0.0423, -0.0422, -0.0421, -0.041999999999999996, -0.0419, -0.0418, -0.0417, -0.0416, -0.041499999999999995, -0.0414, -0.041299999999999996, -0.0412, -0.0411, -0.040999999999999995, -0.0409, -0.040799999999999996, -0.0407, -0.040600000000000004, -0.0405, -0.040400000000000005, -0.0403, -0.0402, -0.040100000000000004, -0.04, -0.039900000000000005, -0.0398, -0.0397, -0.0396, -0.0395, -0.039400000000000004, -0.0393, -0.0392, -0.0391, -0.039], "E3": [0.0325, 0.032600000000000004, 0.0327, 0.0328, 0.0329, 0.033, 0.033100000000000004, 0.0332, 0.0333, 0.0334, 0.0335, 0.033600000000000005, 0.0337, 0.033800000000000004, 0.0339, 0.034, 0.034100000000000005, 0.0342, 0.034300000000000004, 0.0344, 0.034499999999999996, 0.0346, 0.034699999999999995, 0.0348, 0.0349, 0.034999999999999996, 0.0351, 0.035199999999999995, 0.0353, 0.0354, 0.0355, 0.0356, 0.035699999999999996, 0.0358, 0.0359, 0.036, 0.0361, 0.036199999999999996, 0.0363, 0.0364, 0.0365, 0.0366, 0.036699999999999997, 0.0368, 0.0369, 0.037, 0.0371, 0.0372, 0.0373, 0.0374, 0.0375, 0.0376, 0.0377, 0.0378, 0.0379, 0.038, 0.0381, 0.0382, 0.0383, 0.038400000000000004, 0.0385, 0.0386, 0.0387, 0.0388, 0.038900000000000004, 0.039, 0.0391, 0.0392, 0.0393, 0.039400000000000004, 0.0395, 0.0396, 0.0397, 0.0398, 0.039900000000000005, 0.04, 0.040100000000000004, 0.0402, 0.0403, 0.040400000000000005, 0.3828, 0.3829, 0.383, 0.3831, 0.3832, 0.38330000000000003, 0.3834]}}