{"time": [-1, 1], "LAT": [70.0, 80.0], "LONG": [-50.0, -10.0], "D": [4.0, 9.0], "PMB": [-30.0, 30.0], "PML_COSB": [-30.0, 30.0], "matches": {"NGC1261": [-0.6155, -0.6154, -0.6153, -0.6152, -0.6151, -0.615, -0.6149, -0.6148, -0.6147, -0.6146, -0.6144999999999999, -0.6144000000000001, -0.6143, -0.6142000000000001, -0.6141, -0.614, -0.6139, -0.6138, -0.6136999999999999, -0.6136, -0.6134999999999999, -0.6134000000000001, -0.6133, -0.6132, -0.6131, -0.613, -0.6129, -0.6128, -0.6127, -0.6126, -0.6125, -0.6123999999999999, -0.6123000000000001, -0.6122, -0.6121000000000001, -0.612, -0.6119, -0.6118, -0.6117, -0.6115999999999999, -0.6115, -0.6113999999999999, -0.6113000000000001, -0.6112, -0.6111, -0.611, -0.6109, -0.6108, -0.6107, -0.6106, -0.6105, -0.6104, -0.6103, -0.6102000000000001, -0.6101, -0.61, -0.6099, -0.6098, -0.6097, -0.6096, -0.6094999999999999, -0.6094, -0.6093, -0.6092, -0.6091, -0.609, -0.6089, -0.6088, -0.6087, -0.6086], "NGC4590": [0.0182, 0.0183, 0.0184, 0.0185, 0.0186, 0.0187, 0.0188, 0.0189, 0.019, 0.0191, 0.019200000000000002, 0.0193, 0.0194, 0.0195, 0.0196, 0.019700000000000002, 0.0198, 0.0199, 0.02, 0.0201, 0.020200000000000003, 0.020300000000000002, 0.020399999999999998, 0.020499999999999997, 0.0206, 0.0207, 0.0208, 0.0209, 0.020999999999999998, 0.0211, 0.0212, 0.0213, 0.0214, 0.0215, 0.0216, 0.0217, 0.0218, 0.0219, 0.022, 0.0221], "NGC5897": [0.8723000000000001, 0.8724000000000001, 0.8724999999999999, 0.8726, 0.8727, 0.8728, 0.8728999999999999, 0.873, 0.8731, 0.8732, 0.8733000000000001, 0.8734, 0.8734999999999999, 0.8736, 0.8737, 0.8737999999999999, 0.8739000000000001, 0.874, 0.8741, 0.8742000000000001, 0.8743000000000001, 0.8744, 0.8744999999999999, 0.8746, 0.8747, 0.8747999999999999, 0.8749, 0.875, 0.8751, 0.8752000000000001, 0.8753, 0.8754, 0.8755000000000001, 0.8756, 0.8756999999999999, 0.8757999999999999, 0.8759, 0.876, 0.8760999999999999, 0.8762000000000001, 0.8763, 0.8764, 0.8765000000000001, 0.8766, 0.8766999999999999, 0.8768, 0.8769, 0.877, 0.8771000000000001, 0.8772, 0.8773, 0.8774, 0.8775000000000001, 0.8775999999999999, 0.8776999999999999, 0.8778, 0.8779, 0.8779999999999999, 0.8781000000000001, 0.8782, 0.8783, 0.8784000000000001, 0.8785000000000001, 0.8785999999999999, 0.8787, 0.8788, 0.8789, 0.8789999999999999, 0.8791, 0.8792, 0.8793, 0.8794000000000001, 0.8795, 0.8795999999999999, 0.8797, 0.8798, 0.8798999999999999, 0.8800000000000001, 0.8801, 0.8802, 0.8803000000000001, 0.8804000000000001, 0.8805, 0.8805999999999999, 0.8807, 0.8808, 0.8808999999999999, 0.881, 0.8811, 0.8812, 0.8813000000000001, 0.8814, 0.8815, 0.8816, 0.8817, 0.8817999999999999, 0.8819000000000001, 0.882, 0.8821, 0.8821999999999999, 0.8823000000000001, 0.8824, 0.8825, 0.8826, 0.8827, 0.8827999999999999, 0.8829, 0.883, 0.8831, 0.8832000000000001, 0.8833, 0.8834, 0.8835000000000001, 0.8836, 0.8836999999999999, 0.8837999999999999, 0.8839, 0.884, 0.8840999999999999, 0.8842000000000001, 0.8843, 0.8844, 0.8845000000000001, 0.8846, 0.8846999999999999, 0.8848, 0.8849, 0.885, 0.8851000000000001, 0.8852, 0.8853, 0.8854, 0.8855000000000001, 0.8855999999999999, 0.8856999999999999, 0.8858, 0.8859, 0.8859999999999999, 0.8861000000000001, 0.8862, 0.8863, 0.8864000000000001, 0.8865000000000001, 0.8865999999999999, 0.8867, 0.8868, 0.8869, 0.8869999999999999, 0.8871, 0.8872, 0.8873, 0.8874000000000001, 0.8875, 0.8876, 0.8877, 0.8878, 0.8878999999999999, 0.8880000000000001, 0.8881, 0.8882, 0.8882999999999999, 0.8884000000000001, 0.8885, 0.8886, 0.8887, 0.8888], "NGC5904": [-0.0149, -0.014799999999999999, -0.0147, -0.014599999999999998, -0.014499999999999999, -0.0144, -0.014299999999999998, -0.014199999999999999, -0.014099999999999998, -0.014000000000000002, -0.013900000000000001, -0.013800000000000002, -0.0137, -0.013600000000000001, -0.013500000000000002, -0.0134, -0.013300000000000001, -0.0132, -0.0131, -0.013000000000000001, -0.0129, -0.0128, -0.0127, -0.0126, -0.0125, -0.0124, -0.0123, -0.012199999999999999, -0.0121, -0.012, -0.011899999999999999, -0.0118, -0.0117, -0.011600000000000001, -0.0115, -0.0114, -0.011300000000000001, -0.0112, -0.0111, -0.011, -0.0109, -0.0108, -0.0107, -0.0106, -0.010499999999999999, -0.0104, -0.0103, -0.010199999999999999, -0.010100000000000001, -0.01, -0.0099, -0.0098, -0.0097, -0.009600000000000001, -0.0095, -0.0094, -0.0093, -0.0092, -0.0091], "NGC6205": [-0.5596, -0.5595, -0.5594, -0.5593, -0.5591999999999999, -0.5591, -0.5589999999999999, -0.5589000000000001, -0.5588, -0.5587, -0.5586, -0.5585, -0.5584, -0.5583, -0.5582, -0.5581, -0.558, -0.5579, -0.5578000000000001, -0.5577, -0.5576, -0.5575, -0.5574, -0.5573, -0.5572, -0.5570999999999999, -0.557, -0.5569, -0.5568, -0.5567, -0.5566, -0.5565, -0.5564, -0.5563, -0.5562, -0.5561, -0.5559999999999999, -0.5559000000000001, -0.5558, -0.5557000000000001, -0.5556, -0.5555, -0.5554, -0.5553, -0.5551999999999999, -0.5551, -0.5549999999999999, -0.5549000000000001, -0.5548, -0.5547, -0.5546, -0.5545, -0.5544, -0.5543, -0.5542, -0.5541, -0.554, -0.5539, -0.5538000000000001, -0.5537, -0.5536, -0.5535, -0.5534, -0.5533, -0.5532, -0.5530999999999999, -0.553, -0.5529, -0.5528, -0.5527, -0.5526, -0.5525, -0.5524, -0.5523, -0.5522, -0.5521, -0.5519999999999999, -0.5519000000000001, -0.5518, -0.5517000000000001, -0.5516, -0.5515, -0.5514, -0.5513, -0.5511999999999999, -0.5511, -0.5509999999999999, -0.5509000000000001, -0.5508, -0.5507, -0.5506, -0.5505, -0.5504, -0.5503, -0.5502, -0.5501, -0.55, -0.5498999999999999, -0.5498000000000001, -0.5497, -0.5496000000000001, -0.5495, -0.5494, -0.5493, -0.5492, -0.5490999999999999, -0.549, -0.5488999999999999, -0.5488000000000001, -0.5487, -0.5486, -0.5485, -0.5484, -0.5483, -0.5482, -0.5481, -0.548, -0.5479, -0.5478, -0.5477000000000001, -0.5476, -0.5475, -0.5474, -0.5473, -0.5472, -0.5471, -0.5469999999999999, -0.5469, -0.5468, -0.5467, -0.5466, -0.5465, -0.5464, -0.5463, -0.5462, -0.5461, -0.546, -0.5458999999999999, -0.5458000000000001, -0.5457, -0.5456000000000001, -0.5455, -0.5454, -0.5453, -0.5452, -0.5450999999999999, -0.545, -0.5448999999999999, -0.5448000000000001, -0.5447, -0.5446, -0.5445, -0.5444, -0.5443, -0.5442, -0.5441, -0.544, -0.5439, -0.5438, -0.5437000000000001, -0.5436, -0.5435, -0.5434, -0.5433, -0.5432, -0.5431, -0.5429999999999999, -0.5429, -0.5428, 0.9959, 0.9960000000000001, 0.9961, 0.9962, 0.9963, 0.9964000000000001, 0.9964999999999999, 0.9965999999999999, 0.9967, 0.9968, 0.9968999999999999, 0.9970000000000001, 0.9971, 0.9972, 0.9973000000000001, 0.9974000000000001, 0.9974999999999999, 0.9976, 0.9977, 0.9978, 0.9978999999999999, 0.998, 0.9981, 0.9982, 0.9983000000000001, 0.9984, 0.9984999999999999, 0.9986, 0.9987, 0.9987999999999999, 0.9989000000000001, 0.999, 0.9991, 0.9992000000000001, 0.9993000000000001, 0.9994, 0.9994999999999999, 0.9996, 0.9997, 0.9997999999999999, 0.9999], "NGC6864": [0.22410000000000002, 0.2242, 0.2243, 0.22440000000000002, 0.2245, 0.2246, 0.22469999999999998]}}