{
    "time": [
        -1,
        1
    ],
    "LAT": [
        20.0,
        40.0
    ],
    "LONG": [
        155.0,
        170.0
    ],
    "D": [
        3.0,
        12.0
    ],
    "PMB": [
        5.0,
        11.0
    ],
    "PML_COSB": [
        1.0,
        8.0
    ],
    "matches": {
        "NGC1904": [
            0.9544,
            0.9545,
            0.9545999999999999,
            0.9547000000000001,
            0.9548,
            0.9549,
            0.9550000000000001,
            0.9551000000000001
        ]
    }
}