{"time": [-1, 1], "LAT": [40.0, 50.0], "LONG": [80.0, 115.0], "D": [1.0, 6.0], "PMB": [-30.0, 30.0], "PML_COSB": [-30.0, 30.0], "matches": {"NGC2298": [0.9265000000000001, 0.9266, 0.9267, 0.9268000000000001, 0.9269000000000001, 0.9269999999999999, 0.9271, 0.9272, 0.9273, 0.9273999999999999, 0.9275, 0.9276, 0.9277, 0.9278000000000001, 0.9279, 0.9279999999999999, 0.9281, 0.9282, 0.9282999999999999, 0.9284000000000001, 0.9285, 0.9286, 0.9287000000000001, 0.9288000000000001, 0.9289, 0.9289999999999999, 0.9291, 0.9292, 0.9292999999999999, 0.9294, 0.9295], "E3": [0.7207, 0.7208, 0.7209, 0.721, 0.7211000000000001, 0.7212, 0.7213, 0.7214, 0.7215, 0.7216, 0.7217, 0.7218, 0.7219, 0.722, 0.7221, 0.7222000000000001, 0.7222999999999999, 0.7224, 0.7224999999999999, 0.7226, 0.7227, 0.7228, 0.7229, 0.7230000000000001, 0.7231, 0.7232000000000001, 0.7232999999999999, 0.7234, 0.7235, 0.7236, 0.7237, 0.7238, 0.7239, 0.724, 0.7241], "NGC4590": [0.034699999999999995, 0.0348, 0.0349, 0.034999999999999996, 0.0351, 0.035199999999999995, 0.0353], "NGC5272": [0.6698999999999999, 0.67, 0.6700999999999999, 0.6702, 0.6703, 0.6704, 0.6705, 0.6706000000000001, 0.6707, 0.6708000000000001, 0.6708999999999999, 0.671, 0.6711, 0.6712], "NGC6333": [0.1736, 0.17370000000000002, 0.1738, 0.1739, 0.174, 0.1741, 0.1742, 0.1743, 0.1744, 0.17450000000000002, 0.1746, 0.17470000000000002, 0.1748, 0.1749, 0.175, 0.17509999999999998, 0.1752, 0.17529999999999998, 0.1754, 0.1755, 0.1756, 0.1757, 0.1758, 0.1759, 0.176, 0.17609999999999998, 0.1762, 0.17629999999999998, 0.1764, 0.1765, 0.1766, 0.1767, 0.1768, 0.1769, 0.177, 0.17709999999999998, 0.1772, 0.17729999999999999, 0.1774, 0.1775, 0.1776, 0.1777, 0.1778, 0.1779, 0.178, 0.17809999999999998, 0.1782, 0.1783, 0.1784, 0.1785, 0.1786, 0.1787, 0.17880000000000001, 0.1789, 0.179, 0.17909999999999998, 0.1792, 0.1793, 0.1794, 0.1795, 0.1796, 0.1797, 0.17980000000000002, 0.1799, 0.18, 0.18009999999999998, 0.1802, 0.1803, 0.1804, 0.1805, 0.1806, 0.1807, 0.18080000000000002, 0.1809], "NGC6426": [0.8582000000000001, 0.8583000000000001, 0.8583999999999999, 0.8585, 0.8586, 0.8587, 0.8587999999999999], "NGC6496": [-0.8003, -0.8002, -0.8000999999999999, -0.8, -0.7998999999999999, -0.7998000000000001, -0.7997, -0.7996000000000001, -0.7995], "NGC6656": [0.4532, 0.45330000000000004, 0.45339999999999997, 0.4535, 0.45359999999999995, 0.4537, 0.45380000000000004, 0.45389999999999997, 0.454, 0.45410000000000006, 0.4542, 0.45430000000000004, 0.45439999999999997, 0.4545, 0.4546, 0.4547, 0.4548, 0.4549, 0.45499999999999996, 0.4551, 0.45519999999999994, 0.4553, 0.4554, 0.45549999999999996, 0.4556, 0.45570000000000005, 0.4558, 0.4559, 0.45599999999999996, 0.4561, 0.45620000000000005, 0.4563, 0.45640000000000003, 0.4565, 0.4566, 0.4567, 0.4568, 0.4569, 0.457, 0.45709999999999995, 0.4572, 0.45730000000000004, 0.4574, 0.4575, 0.45759999999999995, 0.4577, 0.45780000000000004, 0.4579, 0.458, 0.45810000000000006, 0.4582, 0.45830000000000004, 0.4584, 0.4585, 0.4586, 0.4587, 0.4588, 0.45890000000000003, 0.45899999999999996, 0.4591, 0.45919999999999994, 0.4593, 0.45940000000000003, 0.45949999999999996, 0.4596, 0.45970000000000005, 0.4598, 0.45990000000000003, 0.45999999999999996, 0.4601, 0.46020000000000005, 0.4603, 0.46040000000000003, 0.4605, 0.4606, 0.4607, 0.4608, 0.4609, 0.461, 0.46109999999999995, 0.4612, 0.46130000000000004, 0.4614, 0.4615, 0.46159999999999995, 0.4617, 0.46180000000000004, 0.4619, 0.462, 0.46210000000000007, 0.4622, 0.46230000000000004], "NGC6934": [-0.7990999999999999, -0.799, -0.7988999999999999, -0.7988000000000001, -0.7987, -0.7986, -0.7985, -0.7984, -0.7983, -0.7982, -0.7981, -0.798, -0.7979, -0.7978, -0.7977000000000001, -0.7976, -0.7975, -0.7974, -0.7973, -0.7972, -0.7971, -0.7969999999999999, -0.7969, -0.7968, -0.7967, -0.7966, -0.7965, -0.7964, -0.7963, -0.7962, -0.7961, -0.796, -0.7958999999999999, -0.7958000000000001, -0.7957, -0.7956000000000001, -0.7955, -0.7954, -0.7953, -0.7952, -0.7950999999999999, -0.795, -0.7948999999999999, -0.7948000000000001, -0.7947, -0.7946, -0.7945, -0.7944, -0.7943, -0.7942, -0.7941, -0.794, -0.7939, -0.7938, -0.7937000000000001, -0.7936, -0.7935, -0.7934, -0.7933, -0.7932, -0.7931, -0.7929999999999999, -0.7929, -0.7928, -0.7927], "Pal13": [-0.6848, -0.6847000000000001, -0.6846, -0.6845, -0.6844, -0.6843, -0.6841999999999999, -0.6841, -0.6839999999999999, -0.6839000000000001, -0.6838, -0.6837, -0.6836, -0.6835, -0.6834, -0.6833, -0.6832, -0.6831, -0.683, -0.6829, -0.6828000000000001, -0.6827, -0.6826, -0.6825, -0.6824, -0.6823]}}