{"time": [-1, 1], "LAT": [25.0, 29.0], "LONG": [-179.0, -170.0], "D": [1.0, 5.0], "PMB": [-30.0, 30.0], "PML_COSB": [-30.0, 30.0], "matches": {"NGC288": [-0.7521, -0.752, -0.7519, -0.7518, -0.7517, -0.7516, -0.7515, -0.7514000000000001, -0.7513, -0.7512, -0.7511, -0.751, -0.7509, -0.7508, -0.7506999999999999, -0.7506, -0.7505, -0.7504], "NGC6426": [-0.5155000000000001, -0.5154, -0.5153, -0.5152, -0.5151, -0.515, -0.5149, -0.5147999999999999, -0.5147, -0.5146, -0.5145, -0.5144, -0.5143, -0.5142, -0.5141, -0.514, -0.5139, -0.5138, -0.5136999999999999, -0.5136000000000001, -0.5135, -0.5134000000000001, -0.5133], "Ter7": [-0.9427]}}