{"time": [-1, 1], "LAT": [-40.0, -31.0], "LONG": [-55.0, -45.0], "D": [2.0, 5.0], "PMB": [-30.0, 30.0], "PML_COSB": [-30.0, 30.0], "matches": {"NGC104": [-0.7996000000000001, -0.7995, -0.7994, -0.7993, -0.7992, -0.7990999999999999, -0.799, -0.7988999999999999, -0.7988000000000001, -0.7987, -0.7986, -0.7985, -0.7984, -0.7983, -0.7982, -0.7981, -0.798, -0.7979, -0.7978, -0.7977000000000001, -0.7976], "NGC4833": [0.1915, 0.1916, 0.1917, 0.1918, 0.19190000000000002], "NGC5139": [0.4425, 0.4426, 0.4427, 0.44279999999999997, 0.4429, 0.44299999999999995, 0.4431], "NGC6333": [-0.03, -0.0299, -0.0298, -0.029699999999999997, -0.029599999999999998, -0.0295, -0.0294, -0.0293, -0.029199999999999997, -0.029099999999999997, -0.028999999999999998, -0.0289, -0.0288, -0.028699999999999996, -0.028599999999999997, -0.028499999999999998, -0.028399999999999998, -0.0283, -0.028199999999999996, -0.028100000000000003, -0.028000000000000004, -0.0279, -0.027800000000000002, -0.027700000000000002, -0.027600000000000003, -0.027500000000000004, -0.0274, -0.0273, -0.027200000000000002, -0.027100000000000003, -0.027000000000000003, -0.0269, -0.0268, -0.0267, -0.026600000000000002, -0.026500000000000003, -0.0264, -0.0263, -0.0262, -0.0261, -0.026000000000000002, -0.0259, -0.0258, -0.0257, -0.0256, -0.025500000000000002, -0.0254, -0.0253, -0.0252, -0.0251], "NGC6656": [0.8561, 0.8562, 0.8563000000000001, 0.8564, 0.8564999999999999, 0.8566, 0.8567, 0.8568, 0.8569000000000001, 0.857, 0.8571, 0.8572, 0.8573000000000001, 0.8573999999999999, 0.8574999999999999, 0.8576, 0.8577, 0.8577999999999999, 0.8579000000000001, 0.858, 0.8581, 0.8582000000000001, 0.8583000000000001, 0.8583999999999999, 0.8585, 0.8586, 0.8587, 0.8587999999999999, 0.8589, 0.859, 0.8591, 0.8592000000000001, 0.8593, 0.8593999999999999, 0.8595, 0.8596, 0.8596999999999999, 0.8598000000000001, 0.8599, 0.86], "NGC6934": [0.8486, 0.8487, 0.8488, 0.8489000000000001, 0.849, 0.8491, 0.8492000000000001, 0.8493, 0.8493999999999999, 0.8494999999999999, 0.8496, 0.8497, 0.8497999999999999, 0.8499000000000001]}}