{"time": [-1, 1], "LAT": [-88.0, -70.0], "LONG": [125.0, 180.0], "D": [5.0, 11.0], "PMB": [-30.0, 30.0], "PML_COSB": [-30.0, 30.0], "matches": {"NGC5634": [-0.1951, -0.195, -0.19490000000000002, -0.1948, -0.1947, -0.1946, -0.1945, -0.1944, -0.1943, -0.19419999999999998, -0.1941, -0.194, -0.19390000000000002, -0.1938, -0.1937, -0.1936, -0.1935, -0.1934, -0.1933, -0.19319999999999998, -0.1931, -0.193, -0.19290000000000002, -0.1928, -0.1927, -0.1926, -0.1925, -0.1924, -0.1923, -0.19219999999999998, -0.1921, -0.192, -0.19190000000000002, -0.1918, -0.1917, -0.1916, -0.1915, -0.1914, -0.1913, -0.19119999999999998, -0.1911, -0.191, -0.19090000000000001, -0.1908, -0.1907, -0.1906, -0.1905, -0.19039999999999999, -0.1903, -0.19019999999999998, -0.1901, -0.19, -0.1899, -0.1898, -0.1897, -0.1896, -0.1895, -0.18939999999999999, -0.1893, -0.18919999999999998, -0.1891, -0.189, -0.1889, -0.1888, -0.1887, -0.1886, -0.1885, -0.18839999999999998, -0.1883, -0.18819999999999998, -0.1881, -0.188, -0.1879, -0.1878, -0.1877, -0.1876, -0.1875, -0.1874, -0.1873, -0.1872, -0.1871, -0.187, -0.1869, -0.18680000000000002, -0.1867, -0.18660000000000002, -0.1865, -0.1864, -0.1863, -0.1862, -0.1861, -0.186, -0.1859, -0.18580000000000002, -0.1857, -0.18560000000000001, -0.1855, -0.1854, -0.1853, -0.1852, -0.1851, -0.185, -0.1849, -0.18480000000000002, -0.1847, -0.18460000000000001, -0.1845, -0.1844, -0.1843, -0.1842, -0.18409999999999999, -0.184, -0.1839, -0.18380000000000002, -0.1837, -0.1836, -0.1835, -0.1834], "ESO280-SC06": [-0.1925, -0.1924, -0.1923, -0.19219999999999998, -0.1921, -0.192, -0.19190000000000002, -0.1918, -0.1917, -0.1916, -0.1915, -0.1914, -0.1913, -0.19119999999999998, -0.1911, -0.191, -0.19090000000000001, -0.1908, -0.1907, -0.1906, -0.1905, -0.19039999999999999, -0.1903, -0.19019999999999998, -0.1901, -0.19, -0.1899, -0.1898, -0.1897, -0.1896, -0.1895, -0.18939999999999999, -0.1893, -0.18919999999999998, -0.1891, -0.189, -0.1889, -0.1888, -0.1887, -0.1886, -0.1885, -0.18839999999999998, -0.1883, -0.18819999999999998, -0.1881, -0.188, -0.1879, -0.1878, -0.1877, -0.1876, -0.1875, -0.1874, -0.1873, -0.1872, -0.1871, -0.187, -0.1869, -0.18680000000000002, -0.1867, -0.18660000000000002, -0.1865, -0.1864, -0.1863, -0.1862, -0.1861, -0.186, -0.1859, -0.18580000000000002, -0.1857, -0.18560000000000001, -0.1855, -0.1854, -0.1853, -0.1852, -0.1851, -0.185, -0.1849, -0.18480000000000002, -0.1847, -0.18460000000000001, -0.1845, -0.1844, -0.1843, -0.1842, -0.18409999999999999, -0.184, -0.1839, -0.18380000000000002, -0.1837, -0.1836, -0.1835, -0.1834, -0.1833, -0.1832, -0.18309999999999998, -0.183, -0.1829, -0.18280000000000002, -0.1827, -0.1826, -0.1825, -0.1824, -0.1823, -0.1822, -0.18209999999999998, -0.182, -0.1819, -0.18180000000000002, -0.1817, -0.1816, -0.1815, -0.1814, -0.1813, -0.1812, -0.18109999999999998, -0.181, -0.1809, -0.18080000000000002, -0.1807, -0.1806, -0.1805, -0.1804, -0.1803, -0.1802, -0.18009999999999998, -0.18, -0.1799, -0.17980000000000002, -0.1797, -0.1796, -0.1795, -0.1794, -0.1793, -0.1792, -0.17909999999999998, -0.179, -0.1789, -0.17880000000000001, -0.1787, -0.1786, -0.1785, -0.1784, -0.1783, -0.1782, -0.17809999999999998, -0.178, -0.1779, -0.1778, -0.1777, -0.1776, -0.1775, -0.1774, -0.17729999999999999, -0.1772, -0.17709999999999998, -0.177, -0.1769, -0.1768, -0.1767, -0.1766, -0.1765, -0.1764, -0.17629999999999998, -0.1762, -0.17609999999999998, -0.176, -0.1759, -0.1758, -0.1757, -0.1756, -0.1755, -0.1754, -0.17529999999999998, -0.1752, -0.17509999999999998, -0.175, -0.1749, -0.1748, -0.17470000000000002, -0.1746, -0.17450000000000002, -0.1744, -0.1743, -0.1742, -0.1741, -0.174, -0.1739, -0.1738, -0.17370000000000002, -0.1736, -0.17350000000000002, -0.1734, -0.1733, -0.1732], "NGC6779": [0.8661, 0.8662000000000001, 0.8663000000000001, 0.8664, 0.8664999999999999, 0.8666, 0.8667, 0.8667999999999999, 0.8669, 0.867, 0.8671, 0.8672000000000001, 0.8673, 0.8674, 0.8675, 0.8676, 0.8676999999999999, 0.8678000000000001, 0.8679, 0.868, 0.8680999999999999, 0.8682000000000001, 0.8683, 0.8684, 0.8685, 0.8686, 0.8686999999999999, 0.8688, 0.8689, 0.869, 0.8691000000000001, 0.8692, 0.8693, 0.8694000000000001, 0.8695, 0.8695999999999999, 0.8696999999999999, 0.8698, 0.8699, 0.8699999999999999, 0.8701000000000001, 0.8702, 0.8703, 0.8704000000000001, 0.8705, 0.8705999999999999, 0.8707, 0.8708, 0.8709, 0.8710000000000001, 0.8711, 0.8712, 0.8713, 0.8714000000000001, 0.8714999999999999, 0.8715999999999999, 0.8717, 0.8718, 0.8718999999999999, 0.8720000000000001, 0.8721, 0.8722, 0.8723000000000001, 0.8724000000000001, 0.8724999999999999, 0.8726, 0.8727, 0.8728, 0.8728999999999999, 0.873, 0.8731, 0.8732, 0.8733000000000001, 0.8734, 0.8734999999999999, 0.8736, 0.8737, 0.8737999999999999, 0.8739000000000001, 0.874, 0.8741, 0.8742000000000001, 0.8743000000000001, 0.8744, 0.8744999999999999, 0.8746, 0.8747, 0.8747999999999999, 0.8749, 0.875, 0.8751, 0.8752000000000001, 0.8753, 0.8754, 0.8755000000000001, 0.8756, 0.8756999999999999, 0.8757999999999999, 0.8759, 0.876, 0.8760999999999999, 0.8762000000000001, 0.8763, 0.8764, 0.8765000000000001, 0.8766, 0.8766999999999999, 0.8768, 0.8769, 0.877, 0.8771000000000001, 0.8772, 0.8773, 0.8774, 0.8775000000000001, 0.8775999999999999, 0.8776999999999999, 0.8778, 0.8779, 0.8779999999999999, 0.8781000000000001, 0.8782, 0.8783, 0.8784000000000001, 0.8785000000000001, 0.8785999999999999, 0.8787, 0.8788, 0.8789, 0.8789999999999999, 0.8791, 0.8792],