{"time": [-1, 1], "LAT": [40.0, 55.0], "LONG": [-90.0, -60.0], "D": [3.0, 8.0], "PMB": [-6.0, 1.0], "PML_COSB": [-12.0, -5.0], "matches": {"NGC1851": [-0.4936, -0.49349999999999994, -0.4934, -0.49329999999999996, -0.4932, -0.4931, -0.493, -0.4929, -0.4928, -0.49269999999999997, -0.49260000000000004, -0.4925, -0.49240000000000006, -0.4923, -0.49219999999999997, -0.49210000000000004, -0.492, -0.49189999999999995, -0.4918, -0.49169999999999997, -0.49160000000000004, -0.4915, -0.49139999999999995, -0.4913, -0.49119999999999997, -0.4911, -0.491, -0.4909, -0.4908, -0.4907, -0.4906, -0.49050000000000005, -0.4904, -0.49029999999999996, -0.4902, -0.4901, -0.49000000000000005, -0.4899, -0.48979999999999996, -0.4897, -0.4896, -0.48949999999999994, -0.4894, -0.48929999999999996, -0.4892, -0.4891, -0.489, -0.4889, -0.4888, -0.48869999999999997, -0.48860000000000003, -0.4885], "E3": [0.6918, 0.6919, 0.692, 0.6921, 0.6921999999999999, 0.6923, 0.6924, 0.6925, 0.6926, 0.6927, 0.6928, 0.6929000000000001, 0.693, 0.6931, 0.6932, 0.6933, 0.6934, 0.6935, 0.6936, 0.6937, 0.6938, 0.6939, 0.6940000000000001, 0.6940999999999999, 0.6942, 0.6942999999999999, 0.6944, 0.6945, 0.6946], "Rup106": [-0.6799000000000001, -0.6798, -0.6797, -0.6796, -0.6795, -0.6794, -0.6793, -0.6792, -0.6791, -0.679, -0.6789, -0.6788000000000001, -0.6787, -0.6786, -0.6785, -0.6784, -0.6783, -0.6782, -0.6780999999999999, -0.678, -0.6779, -0.6778, -0.6777, -0.6776, -0.6775, -0.6774, -0.6773, -0.6772, -0.6771, -0.6769999999999999], "NGC5286": [-0.4283, -0.4282, -0.4281, -0.42800000000000005, -0.4279, -0.42779999999999996, -0.4277, -0.4276, -0.42750000000000005], "NGC6333": [-0.8452, -0.8451000000000001, -0.845, -0.8449, -0.8448, -0.8446999999999999, -0.8446, -0.8445, -0.8444, -0.8442999999999999, -0.8442000000000001, -0.8441000000000001, -0.844, -0.8439, -0.8438000000000001]}}