{"time": [-1, 1], "LAT": [35.0, 55.0], "LONG": [60.0, 120.0], "D": [3.0, 12.0], "PMB": [1.0, 10.0], "PML_COSB": [3.0, 20.0], "matches": {"IC1257": [-0.3065, -0.3064, -0.3063, -0.30619999999999997, -0.3061, -0.306, -0.3059, -0.30579999999999996, -0.30569999999999997, -0.3056, -0.3055, -0.3054, -0.3053, -0.3052, -0.30510000000000004, -0.305, -0.3049, -0.3048, -0.3047, -0.3046, -0.3045, -0.3044, -0.3043, -0.30419999999999997, -0.3041, -0.304, -0.3039, -0.30379999999999996, -0.30369999999999997, -0.3036, -0.3035, -0.3034, -0.3033, -0.3032, -0.30310000000000004, -0.303, -0.3029, -0.3028, -0.3027, -0.3026, -0.3025, -0.3024, -0.3023, -0.30219999999999997, -0.3021, -0.302, -0.3019, -0.30179999999999996, -0.30169999999999997, -0.3016, -0.3015, -0.3014, -0.3013, -0.3012, -0.30110000000000003, -0.301, -0.3009, -0.3008, -0.3007, -0.3006, -0.3005, -0.3004, -0.3003, -0.30019999999999997, -0.3001, -0.3, -0.2999, -0.2998, -0.29969999999999997, -0.2996, -0.2995, -0.2994, -0.2993, -0.2992, -0.29910000000000003, -0.29900000000000004, -0.2989, -0.2988, -0.2987, -0.29860000000000003, -0.2985, -0.2984, -0.2983, -0.2982, -0.2981, -0.298, -0.2979, -0.2978, -0.29769999999999996, -0.2976, -0.2975, -0.2974, -0.2973, -0.2972, -0.29710000000000003, -0.29700000000000004, -0.2969, -0.2968, -0.2967, -0.29660000000000003, -0.2965, -0.2964, -0.2963, -0.2962, -0.2961, -0.296, -0.2959, -0.2958, -0.29569999999999996, -0.2956, -0.2955, -0.2954, -0.2953, -0.2952, -0.29510000000000003, -0.29500000000000004, -0.2949, -0.2948, -0.2947, -0.29460000000000003, -0.2945, -0.2944, -0.2943, -0.2942, -0.2941, -0.294, -0.2939, -0.2938, -0.29369999999999996, -0.29359999999999997, -0.2935, -0.2934, -0.2933, -0.2932, -0.2931, -0.29300000000000004, -0.2929, -0.2928, -0.2927, -0.2926, -0.2925, -0.2924, -0.2923, -0.2922, -0.29209999999999997, -0.292, -0.2919, -0.2918, -0.29169999999999996, -0.29159999999999997, -0.2915, -0.2914, -0.2913, -0.2912, -0.2911, -0.29100000000000004, -0.2909, -0.2908, -0.2907, -0.2906, -0.2905, -0.2904, -0.2903, -0.2902, -0.29009999999999997, -0.29, -0.2899, -0.2898, -0.28969999999999996, -0.28959999999999997, -0.2895, -0.2894, -0.2893, -0.2892, -0.2891, -0.28900000000000003, -0.2889, -0.2888, -0.2887, -0.2886, -0.2885, -0.2884, -0.2883, -0.2882, -0.28809999999999997, -0.288, -0.2879, -0.2878, -0.28769999999999996, -0.28759999999999997, -0.2875], "NGC6656": [0.44960000000000006, 0.4497, 0.44980000000000003, 0.44989999999999997, 0.45, 0.45010000000000006, 0.4502, 0.45030000000000003, 0.45039999999999997, 0.4505, 0.4506, 0.4507, 0.4508, 0.4509, 0.45099999999999996, 0.4511, 0.45119999999999993, 0.4513, 0.4514, 0.45149999999999996, 0.4516, 0.45170000000000005, 0.4518, 0.4519, 0.45199999999999996, 0.4521, 0.45220000000000005, 0.4523, 0.4524, 0.4525, 0.4526, 0.4527, 0.4528, 0.45289999999999997, 0.453, 0.45309999999999995, 0.4532, 0.45330000000000004, 0.45339999999999997, 0.4535, 0.45359999999999995, 0.4537, 0.45380000000000004, 0.45389999999999997, 0.454, 0.45410000000000006, 0.4542, 0.45430000000000004, 0.45439999999999997, 0.4545, 0.4546, 0.4547, 0.4548, 0.4549, 0.45499999999999996, 0.4551, 0.45519999999999994, 0.4553, 0.4554], "NGC6779": [0.5686, 0.5687, 0.5688, 0.5689, 0.5690000000000001, 0.5690999999999999, 0.5692, 0.5692999999999999, 0.5694, 0.5695, 0.5696, 0.5697, 0.5698000000000001, 0.5699, 0.5700000000000001, 0.5700999999999999, 0.5702, 0.5703, 0.5704, 0.5705, 0.5706, 0.5707, 0.5708, 0.5709, 0.571, 0.5711, 0.5711999999999999, 0.5713, 0.5714, 0.5715, 0.5716, 0.5717, 0.5718, 0.5719000000000001, 0.572, 0.5721, 0.5722, 0.5723, 0.5724, 0.5725, 0.5726, 0.5727, 0.5728, 0.5729, 0.5730000000000001, 0.5730999999999999, 0.5732, 0.5732999999999999, 0.5734, 0.5735, 0.5736, 0.5737, 0.5738000000000001, 0.5739, 0.5740000000000001, 0.5740999999999999, 0.5742, 0.5743, 0.5744, 0.5745, 0.5746, 0.5747, 0.5748, 0.5749, 0.575, 0.5751000000000001, 0.5751999999999999, 0.5753, 0.5753999999999999, 0.5755, 0.5756, 0.5757, 0.5758, 0.5759000000000001, 0.576, 0.5761000000000001, 0.5761999999999999, 0.5763, 0.5764, 0.5765, 0.5766, 0.5767, 0.5768, 0.5769, 0.577, 0.5771, 0.5772, 0.5772999999999999, 0.5774, 0.5775, 0.5776, 0.5777, 0.5778, 0.5779, 0.5780000000000001, 0.5781, 0.5782, 0.5783, 0.5784, 0.5785, 0.5786, 0.5787, 0.5788, 0.5789, 0.579, 0.5791000000000001, 0.5791999999999999, 0.5793, 0.5793999999999999, 0.5795, 0.5796, 0.5797, 0.5798, 0.5799000000000001, 0.58, 0.5801000000000001, 0.5801999999999999, 0.5803, 0.5804, 0.5805, 0.5806, 0.5807, 0.5808, 0.5809, 0.581, 0.5811, 0.5812, 0.5812999999999999, 0.5814, 0.5815, 0.5816, 0.5817, 0.5818, 0.5819, 0.5820000000000001, 0.5821, 0.5822, 0.5823, 0.5824, 0.5825, 0.5826, 0.5827, 0.5828, 0.5829, 0.583, 0.5831000000000001, 0.5831999999999999, 0.5833, 0.5833999999999999, 0.5835, 0.5836, 0.5837, 0.5838, 0.5839000000000001, 0.584, 0.5841000000000001, 0.5841999999999999, 0.5843, 0.5844, 0.5845, 0.5846, 0.5847, 0.5848, 0.5849, 0.585, 0.5851, 0.5852, 0.5852999999999999, 0.5854, 0.5855, 0.5856, 0.5857, 0.5858, 0.5859, 0.5860000000000001, 0.5861, 0.5862, 0.5863, 0.5864, 0.5865, 0.5866, 0.5867, 0.5868, 0.5869, 0.587, 0.5871000000000001, 0.5871999999999999, 0.5873, 0.5873999999999999, 0.5875, 0.5876, 0.5877, 0.5878, 0.5879, 0.588, 0.5881000000000001, 0.5882, 0.5883, 0.5884, 0.5885, 0.5886, 0.5887, 0.5888, 0.5889, 0.589, 0.5891, 0.5892000000000001, 0.5892999999999999, 0.5894, 0.5894999999999999, 0.5896, 0.5897, 0.5898, 0.5899, 0.5900000000000001, 0.5901, 0.5902000000000001, 0.5902999999999999, 0.5904, 0.5905, 0.5906, 0.5907, 0.5908, 0.5909, 0.591, 0.5911, 0.5912, 0.5913, 0.5913999999999999, 0.5915, 0.5916, 0.5917, 0.5918, 0.5919, 0.592, 0.5921000000000001, 0.5922, 0.5923, 0.5924, 0.5925, 0.5926, 0.5927, 0.5928, 0.5929, 0.593, 0.5931, 0.5932000000000001, 0.5932999999999999, 0.5934, 0.5934999999999999, 0.5936, 0.5937, 0.5938, 0.5939, 0.5940000000000001, 0.5941, 0.5942000000000001, 0.5942999999999999, 0.5944, 0.5945, 0.5946, 0.5947, 0.5948, 0.5949, 0.595, 0.5951, 0.5952, 0.5953, 0.5953999999999999, 0.5955, 0.5956, 0.5957, 0.5958, 0.5959, 0.596, 0.5961000000000001, 0.5962, 0.5963, 0.5964, 0.5965, 0.5966, 0.5967, 0.5968, 0.5969, 0.597, 0.5971, 0.5972000000000001, 0.5972999999999999, 0.5974, 0.5974999999999999, 0.5976, 0.5977, 0.5978, 0.5979, 0.5980000000000001, 0.5981, 0.5982000000000001, 0.5982999999999999, 0.5984, 0.5985, 0.5986, 0.5987, 0.5988, 0.5989, 0.599, 0.5991, 0.5992, 0.5993, 0.5993999999999999, 0.5995, 0.5996, 0.5997, 0.5998, 0.5999, 0.6, 0.6001000000000001, 0.6002, 0.6003000000000001, 0.6003999999999999, 0.6005, 0.6006, 0.6007, 0.6008, 0.6009, 0.601, 0.6011, 0.6012, 0.6013, 0.6014, 0.6014999999999999, 0.6016, 0.6017, 0.6018, 0.6019, 0.602, 0.6021, 0.6022000000000001, 0.6023, 0.6024, 0.6025, 0.6026, 0.6027, 0.6028, 0.6029, 0.603, 0.6031, 0.6032, 0.6033000000000001, 0.6033999999999999, 0.6035, 0.6035999999999999, 0.6037, 0.6038, 0.6039, 0.604, 0.6041000000000001, 0.6042, 0.6043000000000001, 0.6043999999999999, 0.6045, 0.6046, 0.6047, 0.6048, 0.6049, 0.605, 0.6051, 0.6052, 0.6053, 0.6054, 0.6054999999999999, 0.6056, 0.6057, 0.6058, 0.6059, 0.606, 0.6061, 0.6062000000000001, 0.6063, 0.6064, 0.6065, 0.6066, 0.6067, 0.6068, 0.6069, 0.607, 0.6071, 0.6072, 0.6073000000000001, 0.6073999999999999, 0.6075, 0.6075999999999999, 0.6077, 0.6078, 0.6079, 0.608, 0.6081000000000001, 0.6082, 0.6083000000000001, 0.6083999999999999, 0.6085, 0.6086, 0.6087, 0.6088, 0.6089, 0.609, 0.6091, 0.6092, 0.6093, 0.6094, 0.6094999999999999, 0.6096, 0.6097, 0.6098, 0.6099, 0.61, 0.6101, 0.6102000000000001, 0.6103, 0.6104, 0.6105, 0.6106, 0.6107, 0.6108, 0.6109, 0.611, 0.6111, 0.6112, 0.6113000000000001, 0.6113999999999999, 0.6115, 0.6115999999999999],