{"time": [-1, 1], "LAT": [20.0, 55.0], "LONG": [-85.0, -40.0], "D": [3.0, 12.0], "PMB": [-12.0, -5.0], "PML_COSB": [-12.0, -2.0], "matches": {"NGC362": [-0.2889, -0.2888, -0.2887, -0.2886, -0.2885, -0.2884, -0.2883, -0.2882, -0.28809999999999997, -0.288, -0.2879, -0.2878, -0.28769999999999996, -0.28759999999999997, -0.2875, -0.2874, -0.2873, -0.2872, -0.2871, -0.28700000000000003, -0.28690000000000004, -0.2868, -0.2867, -0.2866, -0.28650000000000003, -0.2864, -0.2863, -0.2862, -0.2861, -0.286, -0.2859, -0.2858, -0.2857, -0.28559999999999997, -0.2855, -0.2854, -0.2853, -0.2852, -0.2851, -0.28500000000000003, -0.28490000000000004, -0.2848, -0.2847, -0.2846, -0.28450000000000003, -0.2844, -0.2843, -0.2842, -0.2841, -0.284, -0.2839, -0.2838, -0.2837, -0.28359999999999996, -0.2835, -0.2834, -0.2833, -0.2832, -0.2831, -0.28300000000000003, -0.28290000000000004, -0.2828, -0.2827, -0.2826, -0.28250000000000003, -0.2824, -0.2823, -0.2822, -0.2821, -0.282, -0.2819, -0.2818, -0.2817, -0.28159999999999996, -0.2815, -0.2814, -0.2813, -0.2812, -0.2811, -0.281, -0.28090000000000004, -0.2808, -0.2807, -0.2806, -0.2805, -0.2804, -0.2803, -0.2802, -0.2801, -0.27999999999999997, -0.2799, -0.2798, -0.2797, -0.27959999999999996, -0.27949999999999997, -0.2794, -0.2793, -0.2792, -0.2791, -0.279, -0.27890000000000004, -0.2788, -0.2787, -0.2786, -0.2785, -0.2784, -0.2783, -0.2782, -0.2781, -0.27799999999999997, -0.2779, -0.2778, -0.2777, -0.27759999999999996, -0.27749999999999997, -0.2774, -0.2773, -0.2772, -0.2771, -0.277, -0.27690000000000003, -0.2768, -0.2767, -0.2766, -0.2765, -0.2764, -0.2763, -0.2762, -0.2761, -0.27599999999999997, -0.2759, -0.2758, -0.2757, -0.27559999999999996, -0.27549999999999997, -0.2754, -0.2753, -0.2752], "NGC1851": [-0.4904, -0.49029999999999996], "NGC5139": [-0.0219, -0.0218, -0.0217, -0.0216, -0.0215, -0.0214, -0.0213, -0.0212, -0.0211, -0.020999999999999998, -0.0209, -0.0208, -0.0207, -0.0206, -0.020499999999999997, -0.020399999999999998, -0.020300000000000002, -0.020200000000000003, -0.0201, -0.02, -0.0199, -0.0198, -0.019700000000000002, -0.0196, -0.0195, -0.0194, -0.0193, -0.019200000000000002, -0.0191, -0.019, -0.0189, -0.0188, -0.0187, -0.0186, -0.0185, -0.0184, -0.0183, -0.0182, -0.018099999999999998, -0.018, -0.0179, -0.0178, -0.0177, -0.017599999999999998, -0.017499999999999998, -0.0174, -0.0173, -0.0172, -0.0171, -0.017, -0.016900000000000002, -0.016800000000000002, -0.0167, -0.0166, -0.0165, -0.0164, -0.016300000000000002, -0.0162, -0.0161, -0.016, -0.0159, -0.0158, -0.0157, -0.0156, -0.0155, -0.0154, -0.0153, -0.0152, -0.015099999999999999, -0.015, -0.0149, -0.014799999999999999, -0.0147, -0.014599999999999998, -0.014499999999999999, -0.0144, -0.014299999999999998, -0.014199999999999999, -0.014099999999999998, -0.014000000000000002, -0.013900000000000001, -0.013800000000000002, -0.0137, -0.013600000000000001, -0.013500000000000002, -0.0134, -0.013300000000000001, -0.0132, -0.0131, -0.013000000000000001, -0.0129, -0.0128, -0.0127, -0.0126, -0.0125, -0.0124, -0.0123, -0.012199999999999999, -0.0121, -0.012, -0.011899999999999999, -0.0118, -0.0117, -0.011600000000000001, -0.0115, -0.0114, -0.011300000000000001, -0.0112, -0.0111, -0.011, -0.0109, -0.0108, -0.0107, -0.0106, -0.010499999999999999, -0.0104, -0.0103, -0.010199999999999999, -0.010100000000000001, -0.01, -0.0099, -0.0098, -0.0097, -0.009600000000000001, -0.0095, -0.0094, -0.0093, -0.0092, -0.0091, -0.009, -0.0089, -0.008799999999999999, -0.0087, -0.0086, -0.0085, -0.008400000000000001, -0.0083, -0.0082, -0.0081, -0.008, -0.0079, -0.0078, -0.0077, -0.0076, -0.0075, -0.0073999999999999995, -0.007299999999999999, -0.0072, -0.0070999999999999995, -0.007000000000000001, -0.006900000000000001, -0.0068000000000000005, -0.0067, -0.0066, -0.006500000000000001, -0.0064, -0.0063, -0.0062, -0.0060999999999999995, -0.006, -0.0059, -0.0058000000000000005, -0.0057, -0.0056, -0.0055, -0.0054, -0.0053, -0.0052, -0.0050999999999999995, -0.005, -0.0049], "NGC5286": [-0.4283, -0.4282, -0.4281, -0.42800000000000005, -0.4279, -0.42779999999999996, -0.4277, -0.4276, -0.42750000000000005, -0.4274, -0.42729999999999996, -0.4272, -0.4271, -0.42699999999999994, -0.4269, -0.42679999999999996, -0.4267, -0.4266, -0.4265, -0.4264, -0.4263, -0.42619999999999997, -0.42610000000000003, -0.426, -0.42590000000000006, -0.4258, -0.42569999999999997, -0.42560000000000003, -0.4255, -0.42539999999999994, -0.4253, -0.42519999999999997, -0.42510000000000003, -0.425, -0.42489999999999994, -0.4248, -0.42469999999999997, -0.42460000000000003, -0.4245, -0.4244, -0.4243, -0.4242, -0.4241, -0.42400000000000004, -0.4239, -0.42380000000000007, -0.4237, -0.4236, -0.42350000000000004, -0.4234, -0.42329999999999995, -0.4232, -0.4231, -0.42300000000000004, -0.4229, -0.42279999999999995, -0.4227, -0.4226, -0.4225], "IC4499": [-0.2561, -0.256, -0.2559, -0.25579999999999997, -0.2557, -0.2556, -0.2555, -0.25539999999999996, -0.25529999999999997, -0.2552, 0.3689, 0.369, 0.3691, 0.36920000000000003, 0.3693, 0.3694, 0.3695, 0.36960000000000004, 0.36970000000000003, 0.3698, 0.3699, 0.37, 0.3701, 0.3702, 0.37029999999999996, 0.3704, 0.3705, 0.3706, 0.3707, 0.3708, 0.3709, 0.371, 0.3711, 0.37120000000000003, 0.3713, 0.3714, 0.3715, 0.37160000000000004, 0.37170000000000003, 0.3718, 0.3719, 0.372, 0.3721, 0.3722, 0.37229999999999996, 0.3724, 0.3725, 0.3726, 0.3727, 0.3728, 0.3729, 0.373, 0.3731, 0.37320000000000003, 0.3733, 0.3734, 0.3735, 0.37360000000000004, 0.37370000000000003, 0.3738, 0.3739, 0.374, 0.3741, 0.3742, 0.37429999999999997, 0.3744, 0.3745, 0.3746, 0.3747, 0.3748, 0.3749, 0.375, 0.3751, 0.3752, 0.3753, 0.3754, 0.3755, 0.3756, 0.37570000000000003, 0.3758, 0.3759, 0.376, 0.3761, 0.3762, 0.37629999999999997, 0.37639999999999996, 0.3765, 0.3766, 0.3767, 0.37679999999999997, 0.3769, 0.377, 0.3771, 0.3772, 0.3773, 0.3774, 0.3775, 0.3776, 0.37770000000000004, 0.3778, 0.3779, 0.378, 0.3781, 0.3782, 0.37829999999999997, 0.37839999999999996, 0.3785, 0.3786, 0.3787, 0.37879999999999997, 0.3789, 0.379, 0.3791, 0.3792, 0.3793, 0.3794, 0.3795, 0.3796, 0.37970000000000004, 0.3798, 0.3799, 0.38, 0.3801, 0.3802, 0.38029999999999997, 0.38039999999999996, 0.3805, 0.3806, 0.3807, 0.38079999999999997, 0.3809, 0.381, 0.3811, 0.3812, 0.38130000000000003, 0.3814, 0.3815, 0.3816, 0.38170000000000004, 0.38180000000000003, 0.3819, 0.382, 0.3821, 0.3822, 0.3823, 0.38239999999999996, 0.3825, 0.3826, 0.3827, 0.3828, 0.3829, 0.383, 0.3831, 0.3832, 0.38330000000000003, 0.3834, 0.3835, 0.3836, 0.38370000000000004, 0.38380000000000003, 0.3839, 0.384, 0.3841, 0.3842, 0.3843, 0.38439999999999996, 0.3845, 0.3846, 0.7661, 0.7662, 0.7663, 0.7664, 0.7665, 0.7666000000000001, 0.7666999999999999, 0.7668, 0.7668999999999999, 0.767, 0.7671, 0.7672, 0.7673, 0.7674000000000001, 0.7675, 0.7676000000000001, 0.7676999999999999, 0.7678, 0.7679, 0.768, 0.7681, 0.7682, 0.7683, 0.7684, 0.7685, 0.7686, 0.7687, 0.7687999999999999, 0.7689, 0.769, 0.7691, 0.7692, 0.7693, 0.7694, 0.7695000000000001, 0.7696, 0.7697, 0.7698, 0.7699, 0.77, 0.7701, 0.7702, 0.7703, 0.7704, 0.7705, 0.7706000000000001, 0.7706999999999999, 0.7708, 0.7708999999999999, 0.771, 0.7711, 0.7712], "FSR1716": [0.7666999999999999, 0.7668, 0.7668999999999999, 0.767, 0.7671, 0.7672, 0.7673, 0.7674000000000001, 0.7675, 0.7676000000000001, 0.7676999999999999, 0.7678, 0.7679, 0.768, 0.7681, 0.7682, 0.7683, 0.7684, 0.7685, 0.7686, 0.7687, 0.7687999999999999, 0.7689, 0.769, 0.7691],