{"time": [-1, 1], "LAT": [-88.0, -70.0], "LONG": [89.0, 97.0], "D": [1.0, 30.0], "PMB": [-30.0, 30.0], "PML_COSB": [-30.0, 30.0], "matches": {"NGC288": [-0.0072, -0.0070999999999999995, -0.007000000000000001, -0.006900000000000001, -0.0068000000000000005, -0.0067, -0.0066, -0.006500000000000001, -0.0064, -0.0063, -0.0062, -0.0060999999999999995], "Whiting1": [0.0526, 0.052700000000000004, 0.0528, 0.0529, 0.053000000000000005, 0.0531, 0.053200000000000004, 0.0533, 0.0534, 0.053500000000000006, 0.0536, 0.053700000000000005, 0.0538, 0.0539, 0.054000000000000006, 0.0541, 0.054200000000000005, 0.0543, 0.054400000000000004, 0.05450000000000001, 0.0546, 0.054700000000000006, 0.0548, 0.054900000000000004, 0.05500000000000001, 0.0551, 0.055200000000000006, 0.0553, 0.055400000000000005, 0.05550000000000001, 0.055600000000000004, 0.055700000000000006, 0.0558, 0.055900000000000005, 0.05600000000000001, 0.056100000000000004, 0.05620000000000001, 0.056299999999999996, 0.8208, 0.8209, 0.8210000000000001, 0.8211, 0.8211999999999999, 0.8212999999999999, 0.8214, 0.8215, 0.8215999999999999, 0.8217000000000001, 0.8218, 0.8219, 0.8220000000000001, 0.8221, 0.8221999999999999, 0.8223, 0.8224, 0.8225, 0.8226000000000001, 0.8227, 0.8228, 0.8229, 0.8230000000000001, 0.8230999999999999, 0.8231999999999999, 0.8233, 0.8234, 0.8234999999999999, 0.8236000000000001, 0.8237, 0.8238, 0.8239000000000001, 0.8240000000000001, 0.8240999999999999, 0.8242, 0.8243, 0.8244, 0.8244999999999999, 0.8246, 0.8247, 0.8248, 0.8249000000000001, 0.825, 0.8251, 0.8252], "Eridanus": [-0.8582000000000001, -0.8581, -0.858, -0.8579000000000001, -0.8577999999999999, -0.8577, -0.8576, -0.8574999999999999, -0.8573999999999999, -0.8573000000000001, -0.8572, -0.8571, -0.857, -0.8569000000000001, -0.8568, -0.8567, -0.8566, -0.8564999999999999, -0.8564, -0.8563000000000001, -0.8562, -0.8561, -0.8560000000000001, -0.8558999999999999, -0.8558, -0.8557, -0.8555999999999999, -0.8554999999999999, -0.8554, -0.8553000000000001, -0.8552, -0.8551, -0.8550000000000001, -0.8549], "E3": [-0.9348000000000001, -0.9347, -0.9346, -0.9345000000000001, -0.9343999999999999, -0.9343, -0.9342, -0.9340999999999999, -0.9339999999999999, -0.9339000000000001, -0.9338, -0.9337, -0.9336, -0.9335000000000001], "NGC5634": [-0.1809, -0.18080000000000002, -0.1807, -0.1806, -0.1805, -0.1804], "ESO280-SC06": [-0.19690000000000002, -0.1968, -0.1967, -0.1966, -0.1965, -0.1964], "NGC6715": [-0.9867000000000001, -0.9865999999999999, -0.9865, -0.9864, -0.9863, -0.9862, -0.9861000000000001, -0.986, -0.9859, -0.9858, -0.9856999999999999, -0.9856, -0.9855, -0.9853999999999999, -0.9853, -0.9852000000000001, -0.9851000000000001, -0.985, -0.9849, -0.9848000000000001, -0.9846999999999999, -0.9846, -0.9845, -0.9843999999999999, -0.9843, -0.9842000000000001, -0.9841, -0.984, -0.9839, -0.9837999999999999, -0.9837, -0.9836, -0.9835, -0.9833999999999999, -0.9833000000000001, -0.9832000000000001, -0.9831, -0.983, -0.9829000000000001, -0.9827999999999999, -0.9827, -0.9826, -0.9824999999999999, -0.9823999999999999, -0.9823000000000001, -0.9822, -0.9821, -0.982, -0.9819000000000001, -0.9818, -0.9817, -0.9816, -0.9814999999999999, -0.9814, -0.0842, -0.0841, -0.08399999999999999, -0.0839, -0.0838, -0.0837, -0.0836, -0.08349999999999999, -0.0834, -0.0833, 0.5763, 0.5764, 0.5765, 0.5766, 0.5767, 0.5768, 0.5769, 0.577, 0.5771, 0.5772, 0.5772999999999999, 0.5774, 0.5775, 0.5776, 0.5777, 0.5778, 0.5779, 0.5780000000000001, 0.5781, 0.5782, 0.5783, 0.5784, 0.5785, 0.5786, 0.5787, 0.5788, 0.5789, 0.579, 0.5791000000000001, 0.5791999999999999, 0.5793, 0.5793999999999999, 0.5795, 0.5796, 0.5797, 0.5798, 0.5799000000000001], "NGC6779": [0.8613, 0.8614, 0.8615, 0.8615999999999999, 0.8617000000000001, 0.8618, 0.8619, 0.8619999999999999, 0.8621000000000001], "Ter7": [-0.8408, -0.8407, -0.8406, -0.8404999999999999, -0.8404, -0.8403, -0.8402, -0.8401, -0.8400000000000001, -0.8398999999999999, -0.8398, -0.8397, -0.8396000000000001, -0.8394999999999999, -0.8394, -0.8393, -0.8392, -0.8391, -0.8390000000000001, -0.8389, -0.8388, -0.8387, -0.8385999999999999, -0.8385, -0.8384, -0.06860000000000001, -0.0685, -0.0684, -0.0683, 0.5051, 0.5052, 0.5053, 0.5054000000000001, 0.5055, 0.5056, 0.5057, 0.5058, 0.5059, 0.506, 0.5061, 0.5062, 0.5063, 0.5064, 0.5065000000000001], "Arp2": [-0.0872, -0.0871, -0.087, -0.0869, -0.0868, -0.0867, -0.0866, -0.0865, -0.0864, -0.0863, -0.0862, -0.0861, -0.086, -0.0859, -0.0858], "Ter8": [-0.0753, -0.0752, -0.0751, -0.075, -0.0749, -0.0748], "NGC6864": [0.47430000000000005, 0.4744, 0.47450000000000003, 0.4746, 0.4747, 0.4748, 0.4749, 0.475, 0.4751, 0.5859, 0.5860000000000001, 0.5861, 0.5862, 0.5863, 0.5864, 0.5865, 0.5866, 0.5867, 0.5868, 0.5869, 0.587, 0.5871000000000001, 0.5871999999999999, 0.5873, 0.5873999999999999, 0.5875, 0.5876, 0.5877, 0.5878, 0.5879, 0.588, 0.5881000000000001, 0.5882, 0.5883, 0.5884, 0.5885, 0.5886, 0.5887, 0.5888, 0.5889, 0.589], "Pal12": [-0.0348, -0.034699999999999995, -0.0346, -0.034499999999999996, -0.0344, -0.034300000000000004, -0.0342, -0.034100000000000005, -0.034, -0.0339, -0.033800000000000004, -0.0337, -0.033600000000000005, -0.0335, -0.0334, -0.0333, -0.0332, -0.033100000000000004, -0.033, -0.0329, -0.0328, -0.0327, -0.032600000000000004, 0.6848, 0.6849000000000001, 0.6849999999999999, 0.6851, 0.6852, 0.6853, 0.6854, 0.6855, 0.6856, 0.6857, 0.6858, 0.6859, 0.686, 0.6860999999999999, 0.6862, 0.6863, 0.6864, 0.6865, 0.6866, 0.6867, 0.6868000000000001, 0.6869, 0.687, 0.6871, 0.6872, 0.6873, 0.6874, 0.6875, 0.6876, 0.6877, 0.6878, 0.6879, 0.688, 0.6881, 0.6881999999999999, 0.6883, 0.6884, 0.6885, 0.6886, 0.6887, 0.6888, 0.6889000000000001, 0.689, 0.6891, 0.6892, 0.6893, 0.6894, 0.6895, 0.6896, 0.6897, 0.6898, 0.6899, 0.6900000000000001, 0.6900999999999999, 0.6902, 0.6902999999999999, 0.6904, 0.6905, 0.6906, 0.6907, 0.6908000000000001, 0.6909, 0.6910000000000001, 0.6910999999999999, 0.6912, 0.6913, 0.6914, 0.6915, 0.6916, 0.6917, 0.6918, 0.6919, 0.692, 0.6921, 0.6921999999999999, 0.6923, 0.6924, 0.6925, 0.6926, 0.6927, 0.6928, 0.6929000000000001, 0.693, 0.6931, 0.6932, 0.6933, 0.6934, 0.6935, 0.6936, 0.6937, 0.6938, 0.6939, 0.6940000000000001]}}