{"time": [-1, 1], "LAT": [-34.0, -4.0], "LONG": [-177.0, -110.0], "D": [0.0, 9.0], "PMB": [3.0, 19.0], "PML_COSB": [15.0, 30.0], "matches": {"NGC2808": [0.3311, 0.3312, 0.33130000000000004, 0.33140000000000003, 0.3315, 0.3316, 0.3317, 0.3318, 0.3319, 0.33199999999999996, 0.3321, 0.3322, 0.3323, 0.3324, 0.3325, 0.3326, 0.3327, 0.3328, 0.33290000000000003, 0.333, 0.3331, 0.3332, 0.33330000000000004, 0.33340000000000003, 0.3335, 0.3336, 0.3337, 0.3338, 0.3339, 0.33399999999999996, 0.3341, 0.3342, 0.3343, 0.3344, 0.3345, 0.3346, 0.3347, 0.3348], "NGC3201": [-0.0201, -0.02, -0.0199, -0.0198, -0.019700000000000002, -0.0196, -0.0195, -0.0194, -0.0193, -0.019200000000000002, -0.0191, -0.019, -0.0189, -0.0188, -0.0187, -0.0186, -0.0185, -0.0184, -0.0183, -0.0182, -0.018099999999999998, -0.018, -0.0179, -0.0178, -0.0177, -0.017599999999999998, -0.017499999999999998, -0.0174, -0.0173, -0.0172, -0.0171, -0.017, -0.016900000000000002, -0.016800000000000002, -0.0167, -0.0166, -0.0165, -0.0164, -0.016300000000000002, -0.0162, -0.0161, -0.016, -0.0159, -0.0158, -0.0157, -0.0156, -0.0155, -0.0154, -0.0153, -0.0152, -0.015099999999999999, -0.015, -0.0149, -0.014799999999999999, -0.0147, -0.014599999999999998, -0.014499999999999999, -0.0144, -0.014299999999999998, -0.014199999999999999, -0.014099999999999998, -0.014000000000000002, -0.013900000000000001, -0.013800000000000002, -0.0137, -0.013600000000000001, -0.013500000000000002, -0.0134, -0.013300000000000001, -0.0132, -0.0131, -0.013000000000000001, -0.0129, -0.0128, -0.0127, -0.0126, -0.0125, -0.0124, -0.0123, -0.012199999999999999, -0.0121, -0.012, -0.011899999999999999, -0.0118, -0.0117, -0.011600000000000001, -0.0115, -0.0114, -0.011300000000000001, -0.0112, -0.0111, -0.011, -0.0109, -0.0108, -0.0107, -0.0106, -0.010499999999999999, -0.0104, -0.0103, -0.010199999999999999, -0.010100000000000001, -0.01, -0.0099, -0.0098, -0.0097, -0.009600000000000001, -0.0095, -0.0094, -0.0093, -0.0092, -0.0091, -0.009, -0.0089, -0.008799999999999999, -0.0087, -0.0086, -0.0085, -0.008400000000000001, -0.0083, -0.0082, -0.0081, -0.008, -0.0079, -0.0078, -0.0077, -0.0076, -0.0075]}}