{"time": [-1, 1], "LAT": [-45.0, -5.0], "LONG": [-178.0, -92.0], "D": [5.0, 15.0], "PMB": [0.0, 9.0], "PML_COSB": [9.0, 18.0], "matches": {"NGC1904": [0.09230000000000001, 0.09240000000000001, 0.0925, 0.0926, 0.0927, 0.09280000000000001, 0.09290000000000001, 0.093, 0.0931], "NGC3201": [-0.6365999999999999, -0.6365000000000001, -0.6364, -0.6363000000000001, -0.6362, -0.6361, -0.636, -0.6359, -0.6357999999999999, -0.6357, -0.6355999999999999, -0.6355000000000001, -0.6354, -0.6353, -0.6352, -0.6351, -0.635, -0.6349, -0.6348, -0.6347, -0.6346, -0.6345, -0.6344000000000001, -0.6343, -0.6342, -0.6341, -0.634, -0.6339, -0.6338, -0.6336999999999999, -0.6336, -0.6335, -0.6334, -0.6333, -0.6332]}}