{"time": [-1, 1], "LAT": [26.0, 40.0], "LONG": [61.0, 75.0], "D": [5.0, 13.0], "PMB": [3.0, 7.0], "PML_COSB": [-3.0, 2.0], "matches": {"NGC6101": [0.42729999999999996, 0.4274, 0.42750000000000005, 0.4276, 0.4277, 0.42779999999999996, 0.4279, 0.42800000000000005, 0.4281, 0.4282, 0.4283, 0.4284, 0.4285, 0.4286, 0.42869999999999997, 0.4288, 0.42889999999999995, 0.429, 0.42910000000000004, 0.42919999999999997, 0.4293, 0.42939999999999995, 0.4295, 0.42960000000000004, 0.42969999999999997, 0.4298, 0.42990000000000006, 0.43, 0.43010000000000004, 0.43019999999999997, 0.4303, 0.4304, 0.4305, 0.4306, 0.4307, 0.43079999999999996, 0.4309, 0.43099999999999994, 0.4311, 0.4312, 0.43129999999999996, 0.4314, 0.43150000000000005, 0.4316, 0.43170000000000003, 0.43179999999999996, 0.4319, 0.43200000000000005, 0.4321, 0.43220000000000003, 0.4323, 0.4324, 0.4325, 0.4326, 0.4327, 0.4328, 0.43289999999999995, 0.433, 0.43310000000000004, 0.4332, 0.4333, 0.43339999999999995, 0.4335, 0.43360000000000004, 0.4337, 0.4338, 0.43390000000000006, 0.434, 0.43410000000000004, 0.4342, 0.4343, 0.4344, 0.4345, 0.4346, 0.43470000000000003, 0.43479999999999996, 0.4349, 0.43499999999999994, 0.4351, 0.43520000000000003, 0.43529999999999996, 0.4354, 0.43550000000000005], "NGC6341": [-0.0127, -0.0126, -0.0125, -0.0124, -0.0123, -0.012199999999999999, -0.0121, -0.012, -0.011899999999999999, -0.0118, -0.0117, -0.011600000000000001, -0.0115, -0.0114, -0.011300000000000001, -0.0112, -0.0111, -0.011, -0.0109, -0.0108, -0.0107, -0.0106, -0.010499999999999999, -0.0104, -0.0103, -0.010199999999999999, -0.010100000000000001, -0.01, -0.0099, -0.0098, -0.0097, -0.009600000000000001, -0.0095, -0.0094, -0.0093, -0.0092, -0.0091, -0.009, -0.0089, -0.008799999999999999, -0.0087, -0.0086, -0.0085, -0.008400000000000001, -0.0083, -0.0082, -0.0081, -0.008, -0.0079, -0.0078, -0.0077, -0.0076, -0.0075, -0.0073999999999999995, -0.007299999999999999, -0.0072, -0.0070999999999999995, -0.007000000000000001, -0.006900000000000001, -0.0068000000000000005, -0.0067, -0.0066, -0.006500000000000001, -0.0064, -0.0063, -0.0062, -0.0060999999999999995, -0.006, -0.0059, -0.0058000000000000005, -0.0057, -0.0056, -0.0055, -0.0054, -0.0053, -0.0052, -0.0050999999999999995, -0.005, -0.0049, -0.0048000000000000004, -0.0047, -0.0046, -0.0045, -0.004399999999999999, -0.0043, -0.004200000000000001, -0.0041, -0.004, -0.0039, -0.0038, -0.0036999999999999997, -0.0036, -0.0035000000000000005, -0.0034000000000000002, -0.0033, -0.0032, -0.0031, -0.003, -0.0029000000000000002, -0.0028, -0.0027, -0.0026, -0.0025, -0.0024000000000000002, -0.0023, -0.0021999999999999997, -0.0021000000000000003, -0.002, -0.0019, -0.0018, -0.0017000000000000001, -0.0016, -0.0015, -0.0014, -0.0013, -0.0012000000000000001, -0.0010999999999999998, -0.001, -0.0009, -0.0008, -0.0007, -0.0006000000000000001, -0.0005, -0.0004, -0.00030000000000000003, -0.0002, -0.0001, -0.0, 0.0, 0.0001, 0.0002, 0.00030000000000000003, 0.0004, 0.0005, 0.0006000000000000001, 0.0007, 0.0008, 0.0009, 0.001, 0.0010999999999999998, 0.0012000000000000001, 0.0013, 0.0014, 0.0015, 0.0016, 0.0017000000000000001, 0.0018, 0.0019, 0.002, 0.0021000000000000003, 0.0021999999999999997, 0.0023, 0.0024000000000000002, 0.0025, 0.0026, 0.0027, 0.0028, 0.0029000000000000002, 0.003, 0.0031, 0.0032, 0.0033, 0.0034000000000000002, 0.0035000000000000005, 0.0036, 0.0036999999999999997, 0.0038, 0.0039, 0.004, 0.0041, 0.004200000000000001, 0.0043, 0.004399999999999999, 0.0045, 0.0046, 0.0047, 0.0048000000000000004, 0.0049, 0.005, 0.0050999999999999995, 0.0052, 0.0053, 0.0054, 0.0055, 0.0056, 0.0057, 0.0058000000000000005, 0.0059, 0.006, 0.0060999999999999995, 0.0062, 0.0063, 0.0064, 0.006500000000000001, 0.0066, 0.0067, 0.0068000000000000005, 0.006900000000000001, 0.007000000000000001, 0.0070999999999999995, 0.0072, 0.007299999999999999, 0.0073999999999999995, 0.0075, 0.0076, 0.0077, 0.0078, 0.0079, 0.008, 0.0081, 0.0082, 0.0083, 0.008400000000000001, 0.0085, 0.0086, 0.0087, 0.008799999999999999, 0.0089, 0.009, 0.0091, 0.0092, 0.0093, 0.0094, 0.0095, 0.009600000000000001, 0.0097, 0.0098, 0.0099, 0.01, 0.010100000000000001, 0.010199999999999999, 0.0103, 0.0104, 0.010499999999999999, 0.0106, 0.0107, 0.0108, 0.0109, 0.011, 0.0111, 0.0112, 0.011300000000000001, 0.0114, 0.0115, 0.011600000000000001, 0.0117, 0.0118, 0.011899999999999999, 0.012, 0.0121, 0.012199999999999999, 0.0123, 0.0124, 0.0125, 0.0126, 0.0127, 0.0128, 0.0129, 0.013000000000000001, 0.0131, 0.0132, 0.013300000000000001, 0.0134, 0.013500000000000002, 0.013600000000000001, 0.0137, 0.013800000000000002, 0.013900000000000001, 0.014000000000000002, 0.014099999999999998, 0.014199999999999999, 0.014299999999999998, 0.0144, 0.014499999999999999, 0.014599999999999998, 0.0147, 0.014799999999999999, 0.0149, 0.015, 0.015099999999999999, 0.0152, 0.0153, 0.0154, 0.0155, 0.0156, 0.0157, 0.0158, 0.0159, 0.016, 0.0161, 0.0162, 0.016300000000000002, 0.0164, 0.0165, 0.0166, 0.0167, 0.016800000000000002, 0.016900000000000002]}}