{"time": [-1, 1], "LAT": [5.0, 15.0], "LONG": [-89.0, -75.0], "D": [1.0, 5.0], "PMB": [2.0, 8.0], "PML_COSB": [-30.0, 30.0], "matches": {"NGC3201": [-0.0019, -0.0018, -0.0017000000000000001, -0.0016, -0.0015, -0.0014, -0.0013, -0.0012000000000000001, -0.0010999999999999998, -0.001, -0.0009, -0.0008, -0.0007, -0.0006000000000000001, -0.0005, -0.0004, -0.00030000000000000003, -0.0002, -0.0001, -0.0, 0.0, 0.0001, 0.0002, 0.00030000000000000003, 0.0004]}}