{"time": [-1, 1], "LAT": [52.0, 83.0], "LONG": [22.0, 50.0], "D": [10.0, 30.0], "PMB": [5.0, 15.0], "PML_COSB": [-5.0, 5.0], "matches": {"NGC5466": [-0.0184, -0.0183, -0.0182, -0.018099999999999998, -0.018, -0.0179, -0.0178, -0.0177, -0.017599999999999998, -0.017499999999999998, -0.0174, -0.0173, -0.0172, -0.0171, -0.017, -0.016900000000000002, -0.016800000000000002, -0.0167, -0.0166, -0.0165, -0.0164, -0.016300000000000002, -0.0162, -0.0161, -0.016, -0.0159, -0.0158, -0.0157, -0.0156, -0.0155, -0.0154, -0.0153, -0.0152, -0.015099999999999999, -0.015, -0.0149, -0.014799999999999999, -0.0147, -0.014599999999999998, -0.014499999999999999, -0.0144, -0.014299999999999998, -0.014199999999999999, -0.014099999999999998, -0.014000000000000002, -0.013900000000000001, -0.013800000000000002, -0.0137, -0.013600000000000001, -0.013500000000000002, -0.0134, -0.013300000000000001, -0.0132, -0.0131, -0.013000000000000001, -0.0129, -0.0128, -0.0127, -0.0126, -0.0125, -0.0124, -0.0123, -0.012199999999999999, -0.0121, -0.012, -0.011899999999999999, -0.0118, -0.0117, -0.011600000000000001, -0.0115, -0.0114, -0.011300000000000001, -0.0112, -0.0111, -0.011, -0.0109, -0.0108, -0.0107, -0.0106, -0.010499999999999999, -0.0104, -0.0103, -0.010199999999999999, -0.010100000000000001, -0.01, -0.0099, -0.0098, -0.0097, -0.009600000000000001, -0.0095, -0.0094, -0.0093, -0.0092, -0.0091, -0.009, -0.0089, -0.008799999999999999, -0.0087, -0.0086, -0.0085, -0.008400000000000001, -0.0083, -0.0082, -0.0081, -0.008, -0.0079, -0.0078, -0.0077, -0.0076, -0.0075, -0.0073999999999999995, -0.007299999999999999, -0.0072, -0.0070999999999999995, -0.007000000000000001, -0.006900000000000001, -0.0068000000000000005, -0.0067, -0.0066, -0.006500000000000001, -0.0064, -0.0063, -0.0062, -0.0060999999999999995, -0.006, -0.0059, -0.0058000000000000005, -0.0057, -0.0056, -0.0055, -0.0054, -0.0053, -0.0052, -0.0050999999999999995, -0.005, -0.0049, -0.0048000000000000004, -0.0047, -0.0046, -0.0045, -0.004399999999999999, -0.0043, -0.004200000000000001, -0.0041, -0.004, -0.0039, -0.0038, -0.0036999999999999997, -0.0036, -0.0035000000000000005, -0.0034000000000000002, -0.0033, -0.0032, -0.0031, -0.003, -0.0029000000000000002, -0.0028, -0.0027, -0.0026, -0.0025, -0.0024000000000000002, -0.0023, -0.0021999999999999997, -0.0021000000000000003, -0.002, -0.0019, -0.0018, -0.0017000000000000001, -0.0016, -0.0015, -0.0014, -0.0013, -0.0012000000000000001, -0.0010999999999999998, -0.001, -0.0009, -0.0008, -0.0007, -0.0006000000000000001, -0.0005, -0.0004, -0.00030000000000000003, -0.0002, -0.0001, -0.0, 0.0, 0.0001, 0.0002, 0.00030000000000000003, 0.0004, 0.0005, 0.0006000000000000001, 0.0007, 0.0008, 0.0009, 0.001, 0.0010999999999999998, 0.0012000000000000001, 0.0013, 0.0014, 0.0015, 0.0016, 0.0017000000000000001, 0.0018, 0.0019, 0.002, 0.0021000000000000003, 0.0021999999999999997, 0.0023, 0.0024000000000000002, 0.0025, 0.0026, 0.0027, 0.0028, 0.0029000000000000002, 0.003, 0.0031, 0.0032]}}