{"time": [-1, 1], "LAT": [-75.0, -55.0], "LONG": [-110.0, -60.0], "D": [10.0, 30.0], "PMB": [1.0, 3.0], "PML_COSB": [-2.0, 2.0], "matches": {"NGC5466": [-0.4683, -0.46820000000000006, -0.4681, -0.46799999999999997, -0.46790000000000004, -0.4678, -0.46769999999999995, -0.4676, -0.46749999999999997, -0.46740000000000004, -0.4673, -0.46719999999999995, -0.4671, -0.46699999999999997, -0.4669, -0.4668, -0.4667, -0.4666, -0.4665, -0.4664, -0.46630000000000005, -0.4662, -0.46609999999999996, -0.466, -0.4659, -0.46580000000000005, -0.4657, -0.46559999999999996, -0.4655, -0.4654, -0.46529999999999994, -0.4652, -0.46509999999999996, -0.465, -0.4649, -0.4648, -0.4647, -0.4646, -0.46449999999999997, -0.46440000000000003, -0.4643, -0.46420000000000006, -0.4641, -0.46399999999999997, -0.46390000000000003, -0.4638, -0.46369999999999995, -0.4636, -0.46349999999999997, -0.46340000000000003, -0.4633, -0.46319999999999995, -0.4631, -0.46299999999999997, -0.4629, -0.4628, -0.4627, -0.4626, -0.4625, -0.4624, -0.46230000000000004, -0.4622, -0.46210000000000007, -0.462, -0.4619, -0.46180000000000004, -0.4617, -0.46159999999999995, -0.4615, -0.4614, -0.46130000000000004, -0.4612, -0.46109999999999995, -0.461, -0.4609, -0.4608, -0.4607, -0.4606, -0.4605, -0.46040000000000003, -0.4603, -0.46020000000000005, -0.4601, -0.45999999999999996, -0.45990000000000003, -0.4598, -0.45970000000000005, -0.4596, -0.45949999999999996, -0.45940000000000003, -0.4593, -0.45919999999999994, -0.4591, -0.45899999999999996, -0.45890000000000003, -0.4588, -0.4587, -0.4586, -0.4585, -0.4584, -0.45830000000000004, -0.4582, -0.45810000000000006, -0.458, -0.4579, -0.45780000000000004, -0.4577, -0.45759999999999995, -0.4575, -0.4574, -0.45730000000000004, -0.4572, -0.45709999999999995, -0.457, -0.4569, -0.4568, -0.4567, -0.4566, -0.4565, -0.45640000000000003, -0.4563, -0.45620000000000005, -0.4561, -0.45599999999999996, -0.4559, -0.4558, -0.45570000000000005, -0.4556, -0.45549999999999996, -0.4554, -0.4553, -0.45519999999999994, -0.4551, -0.45499999999999996, -0.4549, -0.4548, -0.4547, -0.4546, -0.4545, -0.45439999999999997, -0.45430000000000004, -0.4542, -0.45410000000000006, -0.454, -0.45389999999999997, -0.45380000000000004, -0.4537, -0.45359999999999995, -0.4535, -0.45339999999999997, -0.45330000000000004, -0.4532, -0.45309999999999995, -0.453, -0.45289999999999997, -0.4528, -0.4527, -0.4526, -0.4525, -0.4524, -0.4523, -0.45220000000000005, -0.4521, -0.45199999999999996, -0.4519, -0.4518, -0.45170000000000005, -0.4516, -0.45149999999999996, -0.4514, -0.4513, -0.45119999999999993, -0.4511, -0.45099999999999996, -0.4509, -0.4508, -0.4507, -0.4506, -0.4505, -0.45039999999999997, -0.45030000000000003, -0.4502, -0.45010000000000006, -0.45, -0.44989999999999997, -0.44980000000000003, -0.4497, -0.44960000000000006, -0.4495, -0.44939999999999997, -0.44930000000000003, -0.4492, -0.44909999999999994, -0.449, -0.44889999999999997, -0.44880000000000003, -0.4487, -0.4486, -0.4485, -0.4484, -0.4483, -0.44820000000000004, -0.4481, -0.44800000000000006, -0.4479, -0.4478, -0.44770000000000004, -0.4476, -0.44749999999999995, -0.4474, -0.4473, -0.44720000000000004, -0.4471, -0.44699999999999995, -0.4469, -0.4468, -0.4467, -0.4466, -0.4465, -0.4464, -0.44630000000000003, -0.4462, -0.44610000000000005, -0.446, -0.44589999999999996, -0.44580000000000003, -0.4457, -0.44560000000000005, -0.4455, -0.44539999999999996, -0.44530000000000003, -0.4452, -0.44509999999999994, -0.445, -0.44489999999999996, -0.44480000000000003, -0.4447, -0.4446, -0.4445, -0.4444, -0.4443, -0.44420000000000004, -0.4441, -0.44400000000000006, -0.4439, -0.4438, -0.44370000000000004, -0.4436, -0.44349999999999995, -0.4434, -0.44329999999999997, -0.44320000000000004, -0.4431, -0.44299999999999995, -0.4429, -0.44279999999999997, -0.4427, -0.4426, -0.4425, -0.4424, -0.4423, -0.4422, -0.44210000000000005, -0.442, -0.44189999999999996, -0.4418, -0.4417, -0.44160000000000005, -0.4415, -0.44139999999999996, -0.4413, -0.4412, -0.44109999999999994, -0.441, -0.44089999999999996, -0.4408, -0.4407, -0.4406, -0.4405, -0.4404, -0.44029999999999997, -0.44020000000000004, -0.4401, -0.44000000000000006, -0.4399, -0.43979999999999997, -0.43970000000000004, -0.4396, -0.43949999999999995, -0.4394, -0.43929999999999997, -0.43920000000000003, -0.4391, -0.43899999999999995, -0.4389, -0.43879999999999997, -0.4387, -0.4386, -0.4385, -0.4384, -0.4383, -0.4382, -0.43810000000000004, -0.438, -0.43789999999999996, -0.4378, -0.4377, -0.43760000000000004, -0.4375, -0.43739999999999996, -0.4373, -0.4372, -0.43710000000000004, -0.437, -0.43689999999999996, -0.4368, -0.4367, -0.4366, -0.4365, -0.4364, -0.4363, -0.43620000000000003, -0.4361, -0.43600000000000005, -0.4359, -0.43579999999999997, -0.43570000000000003, -0.4356, -0.43550000000000005, -0.4354, -0.43529999999999996, -0.43520000000000003, -0.4351, -0.43499999999999994, -0.4349, -0.43479999999999996, -0.43470000000000003, -0.4346, -0.4345, -0.4344, -0.4343, -0.4342, -0.43410000000000004, -0.434, -0.43390000000000006, -0.4338, -0.4337, -0.43360000000000004, -0.4335, -0.43339999999999995, -0.4333, -0.4332, -0.43310000000000004, -0.433, -0.43289999999999995, -0.4328, -0.4327, -0.4326, -0.4325, -0.4324, -0.4323, -0.43220000000000003, -0.4321, -0.43200000000000005, -0.4319, -0.43179999999999996, -0.43170000000000003, -0.4316, -0.43150000000000005, -0.4314, -0.43129999999999996, -0.4312, -0.4311, -0.43099999999999994, -0.4309, -0.43079999999999996, -0.4307, -0.4306, -0.4305, -0.4304, -0.4303, -0.43019999999999997, -0.43010000000000004, -0.43, -0.42990000000000006, -0.4298, -0.42969999999999997, -0.42960000000000004, -0.4295, -0.42939999999999995, -0.4293, -0.42919999999999997, -0.42910000000000004, -0.429, -0.42889999999999995, -0.4288, -0.42869999999999997, -0.4286, -0.4285, -0.4284, -0.4283, -0.4282, -0.4281, -0.42800000000000005, -0.4279, -0.42779999999999996, -0.4277, -0.4276, -0.42750000000000005, -0.4274, -0.42729999999999996, -0.4272, -0.4271, -0.42699999999999994, -0.4269, -0.42679999999999996, -0.4267, -0.4266, -0.4265, -0.4264, -0.4263, -0.42619999999999997, -0.42610000000000003, -0.426, -0.42590000000000006, -0.4258, -0.42569999999999997, -0.42560000000000003, -0.4255, -0.42539999999999994, -0.4253, -0.42519999999999997, -0.42510000000000003, -0.425, -0.42489999999999994, -0.4248, -0.42469999999999997, -0.42460000000000003, -0.4245, -0.4244, -0.4243, -0.4242, -0.4241, -0.42400000000000004, -0.4239, -0.42380000000000007, -0.4237, -0.4236, -0.42350000000000004, -0.4234, -0.42329999999999995, -0.4232, -0.4231, -0.42300000000000004, -0.4229, -0.42279999999999995, -0.4227, -0.4226, -0.4225, -0.4224, -0.4223, -0.4222, -0.42210000000000003, -0.422, -0.42190000000000005, -0.4218, -0.42169999999999996, -0.42160000000000003, -0.4215, -0.42140000000000005, -0.4213, -0.42119999999999996, -0.42110000000000003, -0.421, -0.42089999999999994, -0.4208, -0.42069999999999996, -0.42060000000000003, -0.4205, -0.4204, -0.4203, -0.4202, -0.4201, -0.42000000000000004, -0.4199, -0.41980000000000006, -0.4197, -0.4196, -0.41950000000000004, -0.4194, -0.41929999999999995, -0.4192, -0.4191, -0.41900000000000004, -0.4189, -0.41879999999999995, -0.4187, -0.41859999999999997, -0.4185, -0.4184, -0.4183, -0.4182, -0.4181, -0.418, -0.41790000000000005, -0.4178, -0.41769999999999996, -0.4176, -0.4175, -0.41740000000000005, -0.4173, -0.41719999999999996, -0.4171, -0.417, -0.41689999999999994, -0.4168, -0.41669999999999996, -0.4166, -0.4165, -0.4164, -0.4163, -0.4162, -0.41609999999999997, -0.41600000000000004, -0.4159, -0.41580000000000006],