{"time": [-1, 1], "LAT": [26.0, 85.0], "LONG": [34.0, 53.0], "D": [0.0, 9.0], "PMB": [-5.0, 0.0], "PML_COSB": [-5.0, 0.0], "matches": {"NGC104": [-0.5820000000000001, -0.5819, -0.5818, -0.5817, -0.5816, -0.5815, -0.5814, -0.5812999999999999, -0.5812, -0.5811, -0.581, -0.5809, -0.5808, -0.5807, -0.5806, -0.5805, -0.5804, -0.5803, -0.5801999999999999, -0.5801000000000001, -0.58, -0.5799000000000001, -0.5798, -0.5797, -0.5796, -0.5795, -0.5793999999999999, -0.5793, -0.5791999999999999, -0.5791000000000001, -0.579, -0.5789, -0.5788, -0.5787, -0.5786, -0.5785, -0.5784, -0.5783, -0.5782, -0.5781, -0.5780000000000001, -0.5779, -0.5778, -0.5777, -0.5776, -0.5775, -0.5774, -0.5772999999999999, -0.5772, -0.5771, -0.577, -0.5769, -0.5768, -0.5767, -0.5766, -0.5765, -0.5764, -0.5763, -0.5761999999999999, -0.5761000000000001, -0.576, -0.5759000000000001, -0.5758, -0.5757, -0.5756, -0.5755, -0.5753999999999999, -0.5753, -0.5751999999999999, -0.5751000000000001, -0.575, -0.5749, -0.5748, -0.5747, -0.5746, -0.5745, -0.5744, -0.5743, -0.5742, -0.5740999999999999, -0.5740000000000001, -0.5739, -0.5738000000000001, -0.5737, -0.5736, -0.5735, -0.5734, -0.5732999999999999, -0.5732, -0.5730999999999999, -0.5730000000000001, -0.5729, -0.5728, -0.5727, -0.5726, -0.5725, -0.5724, -0.5723, -0.5722, -0.5721, -0.572, -0.5719000000000001, -0.5718, -0.5717, 0.2225, 0.2226, 0.22269999999999998, 0.22280000000000003, 0.22290000000000001, 0.223, 0.2231, 0.2232, 0.2233, 0.2234, 0.22349999999999998, 0.22360000000000002, 0.2237, 0.2238, 0.2239, 0.22400000000000003, 0.22410000000000002, 0.2242, 0.2243, 0.22440000000000002, 0.2245, 0.2246, 0.22469999999999998, 0.22480000000000003, 0.22490000000000002, 0.225, 0.2251, 0.22519999999999998, 0.2253, 0.2254, 0.22549999999999998, 0.22559999999999997, 0.2257, 0.2258, 0.2259, 0.22599999999999998, 0.22610000000000002, 0.2262, 0.2263, 0.2264, 0.2265, 0.2266, 0.22669999999999998, 0.22679999999999997, 0.22690000000000002, 0.227, 0.2271, 0.22719999999999999, 0.2273, 0.2274, 0.22749999999999998, 0.22759999999999997, 0.2277, 0.2278, 0.2279, 0.22799999999999998, 0.22810000000000002, 0.22820000000000001, 0.2283, 0.2284, 0.2285, 0.2286, 0.2287, 0.22879999999999998, 0.22890000000000002, 0.229, 0.2291, 0.2292, 0.2293, 0.2294, 0.22949999999999998, 0.22959999999999997, 0.22970000000000002, 0.2298, 0.2299, 0.22999999999999998, 0.23010000000000003, 0.23020000000000002, 0.2303, 0.2304, 0.2305, 0.2306, 0.2307, 0.23079999999999998, 0.23090000000000002, 0.231, 0.2311, 0.2312, 0.2313, 0.2314, 0.23149999999999998, 0.23159999999999997, 0.23170000000000002, 0.2318, 0.2319, 0.23199999999999998, 0.23210000000000003, 0.23220000000000002, 0.2323, 0.2324, 0.2325, 0.2326, 0.2327, 0.23279999999999998, 0.23290000000000002, 0.233, 0.2331, 0.2332, 0.2333, 0.2334, 0.23349999999999999, 0.23359999999999997, 0.23370000000000002, 0.2338, 0.418, 0.4181, 0.4182, 0.4183, 0.4184, 0.4185, 0.41859999999999997, 0.4187, 0.41879999999999995, 0.4189, 0.41900000000000004, 0.4191, 0.4192, 0.41929999999999995, 0.4194, 0.41950000000000004, 0.4196, 0.4197, 0.41980000000000006, 0.4199, 0.42000000000000004, 0.4201], "NGC5272": [0.0115, 0.011600000000000001, 0.0117, 0.0118, 0.011899999999999999, 0.012, 0.0121, 0.012199999999999999, 0.0123, 0.0124, 0.0125, 0.0126, 0.0127, 0.0128, 0.0129, 0.013000000000000001, 0.0131, 0.0132, 0.013300000000000001, 0.0134, 0.013500000000000002, 0.013600000000000001, 0.0137, 0.013800000000000002, 0.013900000000000001, 0.014000000000000002, 0.014099999999999998, 0.014199999999999999, 0.014299999999999998, 0.0144, 0.014499999999999999, 0.014599999999999998, 0.0147, 0.014799999999999999, 0.0149, 0.015, 0.015099999999999999, 0.0152, 0.0153, 0.0154, 0.0155, 0.0156, 0.0157, 0.0158, 0.0159, 0.016, 0.0161, 0.0162, 0.016300000000000002, 0.0164, 0.0165, 0.0166, 0.0167, 0.016800000000000002, 0.016900000000000002, 0.017, 0.0171, 0.0172, 0.0173, 0.0174, 0.017499999999999998, 0.017599999999999998, 0.0177, 0.0178, 0.0179, 0.018, 0.018099999999999998, 0.0182, 0.0183, 0.0184, 0.0185, 0.0186, 0.0187, 0.0188, 0.0189, 0.019, 0.0191, 0.019200000000000002, 0.0193, 0.0194, 0.0195, 0.0196, 0.019700000000000002, 0.0198, 0.0199, 0.02, 0.0201, 0.020200000000000003, 0.020300000000000002, 0.020399999999999998, 0.020499999999999997, 0.0206, 0.0207, 0.0208, 0.0209, 0.020999999999999998, 0.0211, 0.0212, 0.0213, 0.0214, 0.0215, 0.0216, 0.0217, 0.0218, 0.0219, 0.022, 0.0221, 0.0222, 0.0223, 0.0224, 0.0225, 0.022600000000000002, 0.0227, 0.0228, 0.0229, 0.023, 0.023100000000000002, 0.023200000000000002, 0.0233, 0.0234, 0.0235, 0.0236, 0.0237, 0.023799999999999998, 0.023899999999999998, 0.024, 0.0241, 0.0242, 0.0243, 0.024399999999999998, 0.0245, 0.0246, 0.0247, 0.0248, 0.0249, 0.025, 0.0251, 0.0252, 0.0253, 0.0254, 0.025500000000000002, 0.0256, 0.0257, 0.0258, 0.0259, 0.026000000000000002, 0.0261, 0.0262, 0.0263, 0.0264, 0.026500000000000003, 0.026600000000000002, 0.0267, 0.0268, 0.0269, 0.027000000000000003, 0.027100000000000003, 0.027200000000000002, 0.0273, 0.0274, 0.027500000000000004, 0.027600000000000003, 0.027700000000000002], "NGC6397": [0.7802, 0.7803, 0.7804, 0.7805, 0.7806, 0.7807000000000001, 0.7807999999999999, 0.7809, 0.7809999999999999, 0.7811, 0.7812, 0.7813, 0.7814, 0.7815000000000001, 0.7816, 0.7817000000000001, 0.7817999999999999, 0.7819, 0.782, 0.7821, 0.7822, 0.7823, 0.7824, 0.7825, 0.7826, 0.7827, 0.7828, 0.7828999999999999, 0.783, 0.7831, 0.7832, 0.7833, 0.7834, 0.7835, 0.7836000000000001, 0.7837, 0.7838, 0.7839, 0.784, 0.7841, 0.7842, 0.7843, 0.7844, 0.7845, 0.7846, 0.7847000000000001, 0.7847999999999999, 0.7849, 0.7849999999999999, 0.7851, 0.7852, 0.7853, 0.7854, 0.7855000000000001, 0.7856, 0.7857000000000001, 0.7857999999999999, 0.7859, 0.786, 0.7861, 0.7862, 0.7863, 0.7864, 0.7865]}}