{"time": [-1, 1], "LAT": [-90.0, -65.0], "LONG": [-180.0, -130.0], "D": [17.0, 30.0], "PMB": [-30.0, 30.0], "PML_COSB": [-30.0, 30.0], "matches": {"NGC5824": [-0.4173, -0.41719999999999996, -0.4171, -0.417, -0.41689999999999994, -0.4168, -0.41669999999999996, -0.4166, -0.4165, -0.4164, -0.4163, -0.4162, -0.41609999999999997, -0.41600000000000004, -0.4159, -0.41580000000000006, -0.4157, -0.41559999999999997, -0.41550000000000004, -0.4154, -0.41529999999999995, -0.4152, -0.41509999999999997, -0.41500000000000004, -0.4149, -0.41479999999999995, -0.4147, -0.41459999999999997, -0.4145, -0.4144, -0.4143, -0.4142, -0.4141, -0.414, -0.41390000000000005, -0.4138, -0.41369999999999996, -0.4136, -0.4135, -0.41340000000000005, -0.4133, -0.41319999999999996, -0.4131, -0.413, -0.41289999999999993, -0.4128, -0.41269999999999996, -0.4126, -0.4125, -0.4124, -0.4123, -0.4122, -0.4121, -0.41200000000000003, -0.4119, -0.41180000000000005, -0.4117, -0.41159999999999997, -0.41150000000000003, -0.4114, -0.41130000000000005, -0.4112, -0.41109999999999997, -0.41100000000000003, -0.4109, -0.41079999999999994, -0.4107, -0.41059999999999997, -0.41050000000000003, -0.4104, -0.4103, -0.4102, -0.4101, -0.41, 0.9016, 0.9017, 0.9018, 0.9019, 0.9019999999999999, 0.9021000000000001, 0.9022, 0.9023, 0.9023999999999999, 0.9025000000000001, 0.9026, 0.9027, 0.9028, 0.9029, 0.9029999999999999, 0.9031, 0.9032, 0.9033, 0.9034000000000001, 0.9035, 0.9036, 0.9037000000000001, 0.9038, 0.9038999999999999, 0.9039999999999999, 0.9041, 0.9042, 0.9042999999999999, 0.9044000000000001, 0.9045, 0.9046, 0.9047000000000001, 0.9048, 0.9048999999999999, 0.905, 0.9051, 0.9052, 0.9053000000000001, 0.9054, 0.9055, 0.9056, 0.9057000000000001, 0.9057999999999999, 0.9058999999999999, 0.906, 0.9061, 0.9061999999999999, 0.9063000000000001, 0.9064, 0.9065, 0.9066000000000001, 0.9067000000000001, 0.9067999999999999, 0.9069, 0.907, 0.9071, 0.9071999999999999, 0.9073, 0.9074, 0.9075, 0.9076000000000001, 0.9077, 0.9077999999999999, 0.9079, 0.908, 0.9080999999999999, 0.9082000000000001, 0.9083, 0.9084, 0.9085000000000001, 0.9086000000000001, 0.9087, 0.9087999999999999, 0.9089, 0.909, 0.9090999999999999, 0.9092, 0.9093, 0.9094, 0.9095000000000001, 0.9096, 0.9097, 0.9098, 0.9099, 0.9099999999999999, 0.9101000000000001, 0.9102, 0.9103, 0.9103999999999999, 0.9105000000000001, 0.9106, 0.9107, 0.9108, 0.9109, 0.9109999999999999, 0.9111, 0.9112, 0.9113, 0.9114000000000001, 0.9115, 0.9116, 0.9117000000000001, 0.9118, 0.9118999999999999, 0.9119999999999999, 0.9121, 0.9122, 0.9122999999999999, 0.9124000000000001, 0.9125, 0.9126, 0.9127000000000001, 0.9128000000000001, 0.9128999999999999, 0.913, 0.9131, 0.9132, 0.9132999999999999, 0.9134, 0.9135, 0.9136, 0.9137000000000001, 0.9138, 0.9138999999999999, 0.914, 0.9141, 0.9141999999999999, 0.9143000000000001, 0.9144, 0.9145, 0.9146000000000001, 0.9147000000000001, 0.9148, 0.9148999999999999, 0.915, 0.9151, 0.9151999999999999, 0.9153, 0.9154, 0.9155, 0.9156000000000001, 0.9157, 0.9158, 0.9159, 0.916, 0.9160999999999999, 0.9162000000000001, 0.9163, 0.9164, 0.9164999999999999, 0.9166000000000001, 0.9167, 0.9168, 0.9169, 0.917, 0.9170999999999999, 0.9172, 0.9173, 0.9174, 0.9175000000000001, 0.9176, 0.9177, 0.9178000000000001, 0.9179, 0.9179999999999999, 0.9180999999999999, 0.9182, 0.9183, 0.9183999999999999, 0.9185000000000001, 0.9186, 0.9187, 0.9188000000000001, 0.9189, 0.9189999999999999, 0.9191, 0.9192, 0.9193, 0.9194000000000001, 0.9195, 0.9196, 0.9197, 0.9198000000000001, 0.9198999999999999, 0.9199999999999999, 0.9201, 0.9202, 0.9202999999999999, 0.9204000000000001, 0.9205, 0.9206, 0.9207000000000001, 0.9208000000000001, 0.9208999999999999, 0.921, 0.9211, 0.9212, 0.9212999999999999, 0.9214, 0.9215, 0.9216, 0.9217000000000001, 0.9218, 0.9218999999999999, 0.922, 0.9221, 0.9221999999999999, 0.9223000000000001, 0.9224, 0.9225, 0.9226000000000001, 0.9227000000000001, 0.9228, 0.9228999999999999, 0.923, 0.9231, 0.9231999999999999, 0.9233, 0.9234, 0.9235, 0.9236000000000001, 0.9237, 0.9238, 0.9239, 0.924, 0.9240999999999999, 0.9242000000000001, 0.9243, 0.9244, 0.9244999999999999, 0.9246000000000001, 0.9247, 0.9248, 0.9249, 0.925, 0.9250999999999999, 0.9252, 0.9253, 0.9254, 0.9255000000000001, 0.9256, 0.9257, 0.9258, 0.9259000000000001, 0.9259999999999999, 0.9260999999999999, 0.9262, 0.9263, 0.9263999999999999, 0.9265000000000001, 0.9266, 0.9267, 0.9268000000000001, 0.9269000000000001, 0.9269999999999999, 0.9271, 0.9272, 0.9273, 0.9273999999999999, 0.9275, 0.9276, 0.9277, 0.9278000000000001, 0.9279, 0.9279999999999999, 0.9281, 0.9282, 0.9282999999999999, 0.9284000000000001, 0.9285, 0.9286, 0.9287000000000001, 0.9288000000000001, 0.9289, 0.9289999999999999, 0.9291, 0.9292, 0.9292999999999999, 0.9294, 0.9295, 0.9296, 0.9297000000000001, 0.9298, 0.9299, 0.93, 0.9301, 0.9301999999999999, 0.9303000000000001, 0.9304, 0.9305, 0.9305999999999999, 0.9307000000000001, 0.9308, 0.9309, 0.931, 0.9311, 0.9311999999999999, 0.9313, 0.9314, 0.9315, 0.9316000000000001, 0.9317, 0.9318, 0.9319000000000001, 0.932, 0.9320999999999999, 0.9321999999999999, 0.9323, 0.9324, 0.9324999999999999, 0.9326000000000001, 0.9327, 0.9328, 0.9329000000000001, 0.933, 0.9330999999999999, 0.9332, 0.9333, 0.9334, 0.9335000000000001, 0.9336, 0.9337, 0.9338, 0.9339000000000001, 0.9339999999999999, 0.9340999999999999, 0.9342, 0.9343, 0.9343999999999999, 0.9345000000000001, 0.9346, 0.9347, 0.9348000000000001, 0.9349000000000001, 0.9349999999999999, 0.9351, 0.9352, 0.9353, 0.9353999999999999], "Pal14": [0.7797, 0.7798, 0.7799, 0.78, 0.7801, 0.7802, 0.7803, 0.7804, 0.7805, 0.7806, 0.7807000000000001, 0.7807999999999999, 0.7809, 0.7809999999999999, 0.7811, 0.7812, 0.7813, 0.7814, 0.7815000000000001, 0.7816, 0.7817000000000001, 0.7817999999999999, 0.7819, 0.782, 0.7821, 0.7822, 0.7823, 0.7824, 0.7825, 0.7826, 0.7827, 0.7828, 0.7828999999999999, 0.783, 0.7831, 0.7832, 0.7833, 0.7834, 0.7835, 0.7836000000000001, 0.7837, 0.7838, 0.7839, 0.784, 0.7841, 0.7842, 0.7843, 0.7844, 0.7845, 0.7846, 0.7847000000000001, 0.7847999999999999, 0.7849, 0.7849999999999999, 0.7851, 0.7852, 0.7853, 0.7854, 0.7855000000000001, 0.7856, 0.7857000000000001, 0.7857999999999999, 0.7859, 0.786, 0.7861, 0.7862, 0.7863, 0.7864, 0.7865, 0.7866, 0.7867, 0.7868, 0.7868999999999999, 0.787, 0.7871, 0.7872, 0.7873, 0.7874, 0.7875, 0.7876000000000001, 0.7877, 0.7878000000000001, 0.7878999999999999, 0.788, 0.7881, 0.7882, 0.7883, 0.7884, 0.7885, 0.7886, 0.7887, 0.7888, 0.7889, 0.7889999999999999, 0.7891, 0.7892, 0.7893, 0.7894, 0.7895, 0.7896, 0.7897000000000001, 0.7898, 0.7899, 0.79, 0.7901, 0.7902, 0.7903, 0.7904, 0.7905, 0.7906, 0.7907, 0.7908000000000001, 0.7908999999999999, 0.791, 0.7910999999999999, 0.7912, 0.7913, 0.7914, 0.7915, 0.7916000000000001, 0.7917, 0.7918000000000001, 0.7918999999999999, 0.792, 0.7921, 0.7922, 0.7923, 0.7924, 0.7925, 0.7926, 0.7927, 0.7928, 0.7929, 0.7929999999999999, 0.7931, 0.7932, 0.7933, 0.7934, 0.7935, 0.7936, 0.7937000000000001, 0.7938, 0.7939, 0.794],