{"time": [-1, 1], "LAT": [25.0, 60.0], "LONG": [-124.0, -62.0], "D": [4.0, 9.0], "PMB": [-4.0, 12.0], "PML_COSB": [-1.0, 4.0], "matches": {"NGC362": [-0.5490999999999999, -0.549, -0.5488999999999999, -0.5488000000000001, -0.5487, -0.5486, -0.5485, -0.5484, -0.5483, -0.5482, -0.5481, -0.548, -0.5479, -0.5478, -0.5477000000000001, -0.5476, -0.5475, -0.5474, -0.5473, -0.5472, -0.5471, -0.5469999999999999, -0.5469, -0.5468, -0.5467, -0.5466, -0.5465, -0.5464, -0.5463, -0.5462, -0.5461, -0.546, -0.5458999999999999, -0.5458000000000001, -0.5457, -0.5456000000000001, -0.5455, -0.5454, -0.5453, -0.5452, -0.5450999999999999, -0.545, -0.5448999999999999, -0.5448000000000001, -0.5447, -0.5446, -0.5445, -0.5444, -0.5443, -0.5442, -0.5441, -0.544, -0.5439, -0.5438, -0.5437000000000001, -0.5436, -0.5435, -0.5434, -0.5433, -0.5432, -0.5431, -0.5429999999999999, -0.5429, -0.5428, -0.5427, -0.5426, -0.5425, -0.5424, -0.5423, -0.5422, -0.5421, -0.542, -0.5418999999999999, -0.5418000000000001, -0.5417, -0.5416000000000001, -0.5415, -0.5414, -0.5413, -0.5412, -0.5410999999999999, -0.541, -0.5408999999999999, -0.5408000000000001, -0.5407, -0.5406, -0.5405, -0.5404, -0.5403, -0.5402, -0.5401, -0.54, -0.5399, -0.5398, -0.5397000000000001, -0.5396, -0.5395, -0.5394, -0.5393, -0.5392, -0.5391, -0.5389999999999999, -0.5389, -0.5388, -0.5387, -0.5386, -0.5385, -0.5384, -0.5383, -0.5382, -0.5381, -0.538, -0.5378999999999999, -0.5378000000000001, -0.5377, -0.5376000000000001, -0.5375, -0.5374, -0.5373, -0.5372, -0.5371, -0.537, -0.5368999999999999, -0.5368, -0.5367, -0.5366, -0.5365, -0.5364, -0.5363, -0.5362, -0.5361, -0.536, -0.5359, -0.5357999999999999, -0.5357000000000001, -0.5356, -0.5355000000000001, -0.5354, -0.5353, -0.5352, -0.5351, -0.5349999999999999, -0.5349, -0.5347999999999999, -0.5347000000000001, -0.5346, -0.5345, -0.5344, -0.5343, -0.5342, -0.5341, -0.534, -0.5339, -0.5338, -0.5337, -0.5336000000000001, -0.5335, -0.5334, -0.5333, -0.5332, -0.5331, -0.533, -0.5328999999999999, -0.5328, -0.5327, -0.5326, -0.5325, -0.5324, -0.5323, -0.5322, -0.5321, -0.532, -0.5319, -0.5317999999999999, -0.5317000000000001, -0.5316, -0.5315000000000001, -0.5314, -0.5313, -0.5312, -0.5311, -0.5309999999999999, -0.5309, -0.5307999999999999, -0.5307000000000001, -0.5306, -0.5305, -0.5304, -0.5303, -0.5302, -0.5301, -0.53, -0.5299, -0.5298, -0.5297, -0.5296000000000001, -0.5295, -0.5294, -0.5293, -0.5292, -0.5291, -0.529, -0.5288999999999999, -0.5288, -0.5287, -0.5286, -0.5285, -0.5284, -0.5283, -0.5282, -0.5281, -0.528, -0.5279, -0.5277999999999999, -0.5277000000000001, -0.5276, -0.5275000000000001, -0.5274, -0.5273, -0.5272, -0.5271, -0.5269999999999999, -0.5269, -0.5267999999999999, -0.5267000000000001, -0.5266, -0.5265, -0.5264, -0.5263, -0.5262, -0.5261, -0.526, -0.5259, -0.5258, -0.5257, -0.5256000000000001, -0.5255, -0.5254, -0.5253, -0.5252, -0.5251, -0.525, -0.5248999999999999, -0.5248, -0.5246999999999999, -0.5246000000000001, -0.5245, -0.5244, -0.5243, -0.5242, -0.5241, -0.524, -0.5239, -0.5238, -0.5237, -0.5236, -0.5235000000000001, -0.5234, -0.5233, -0.5232, -0.5231, -0.523, -0.5229, -0.5227999999999999, -0.5227, -0.5226, -0.5225, -0.5224, -0.5223, -0.5222, -0.5221, -0.522, -0.5219, -0.5218, -0.5216999999999999, -0.5216000000000001, -0.5215, -0.5214000000000001, -0.5213, -0.5212, -0.5211, -0.521, -0.5208999999999999, -0.5208, -0.5206999999999999, -0.5206000000000001, -0.5205, -0.5204, -0.5203, -0.5202, -0.5201, -0.52, -0.5199, -0.5198, -0.5197, -0.5196, -0.5195000000000001, -0.5194, -0.5193, -0.5192, -0.5191, -0.519, -0.5189, -0.5187999999999999, -0.5187, -0.5186, -0.5185, -0.5184, -0.5183, -0.5182, -0.5181, -0.518, -0.5179, -0.5178, -0.5176999999999999, -0.5176000000000001, -0.5175, -0.5174000000000001, -0.5173, -0.5172, -0.5171, -0.517, -0.5168999999999999, -0.5168, -0.5166999999999999, -0.5166000000000001, -0.5165, -0.5164, -0.5163, -0.5162, -0.5161, -0.516, -0.5159, -0.5158, -0.5157, -0.5156, -0.5155000000000001, -0.5154, -0.5153, -0.5152, -0.5151, -0.515, -0.5149, -0.5147999999999999, -0.5147, -0.5146, -0.5145, -0.5144, -0.5143, -0.5142, -0.5141, -0.514, -0.5139, -0.5138, -0.5136999999999999, -0.5136000000000001, -0.5135, -0.5134000000000001, -0.5133, -0.5132, -0.5131, -0.513, -0.5128999999999999, -0.5128, -0.5126999999999999, -0.5126000000000001, -0.5125, -0.5124, -0.5123, -0.5122, -0.5121, -0.512, -0.5119, -0.5118, -0.5117, -0.5115999999999999, -0.5115000000000001, -0.5114, -0.5113000000000001, -0.5112, -0.5111, -0.511, -0.5109, -0.5107999999999999, -0.5107, -0.5105999999999999, -0.5105000000000001, -0.5104, -0.5103, -0.5102, -0.5101, -0.51, -0.5099, -0.5098, -0.5097, -0.5096, -0.5095, -0.5094000000000001, -0.5093, -0.5092, -0.5091, -0.509, -0.5089, -0.5088, -0.5086999999999999, -0.5086, -0.5085, -0.5084, -0.5083, -0.5082, -0.5081], "NGC1851": [0.5831999999999999, 0.5833, 0.5833999999999999, 0.5835, 0.5836, 0.5837, 0.5838, 0.5839000000000001, 0.584, 0.5841000000000001, 0.5841999999999999, 0.5843, 0.5844, 0.5845, 0.5846, 0.5847, 0.5848, 0.5849, 0.585, 0.5851, 0.5852, 0.5852999999999999, 0.5854, 0.5855, 0.5856, 0.5857, 0.5858, 0.5859, 0.5860000000000001, 0.5861, 0.5862, 0.5863, 0.5864, 0.5865, 0.5866, 0.5867, 0.5868, 0.5869, 0.587, 0.5871000000000001, 0.5871999999999999, 0.5873, 0.5873999999999999, 0.5875, 0.5876, 0.5877, 0.5878, 0.5879, 0.588, 0.5881000000000001, 0.5882, 0.5883, 0.5884, 0.5885, 0.5886, 0.5887, 0.5888, 0.5889, 0.589, 0.5891, 0.5892000000000001, 0.5892999999999999, 0.5894, 0.5894999999999999, 0.5896, 0.5897, 0.5898, 0.5899, 0.5900000000000001, 0.5901, 0.5902000000000001], "NGC1904": [-0.35009999999999997, -0.35, -0.3499, -0.3498, -0.3497, -0.3496, -0.34950000000000003, -0.34940000000000004, -0.3493, -0.3492, -0.3491, -0.34900000000000003, -0.3489, -0.3488, -0.3487, -0.3486, -0.3485, -0.3484, -0.3483, -0.3482, -0.34809999999999997, -0.348, -0.3479, -0.3478, -0.3477, -0.3476, -0.34750000000000003, -0.34740000000000004, -0.3473, -0.3472, -0.3471, -0.34700000000000003, -0.3469, -0.3468, -0.3467, -0.3466, -0.3465, -0.3464, -0.3463, -0.3462, -0.34609999999999996, -0.346, -0.3459, -0.3458, -0.3457, -0.3456, -0.34550000000000003, -0.34540000000000004, -0.3453, -0.3452, -0.3451, -0.34500000000000003, -0.3449, -0.3448, -0.3447, -0.3446, -0.3445, -0.3444, -0.3443, -0.3442, -0.34409999999999996, -0.344, -0.3439, -0.3438, -0.3437, -0.3436, -0.3435, -0.34340000000000004, -0.3433, -0.3432, -0.3431, -0.343, -0.3429],